WS_HH, Ti_HH, Shear, WS_Eq, RSS, Power_mean, Power_std
9.4055, 26.3144, 0.429427, 9.38952, 0.014538, 869.855, 362.292
6.19517, 21.703, 0.414201, 6.21101, 0.0130788, 261.222, 108.646
4.03322, 35.6918, 0.392454, 4.0534, 0.00404732, 79.5682, 48.9111
18.6302, 32.6883, 0.216381, 18.5727, 0.0808718, 1417.03, 213.194
12.1009, 29.9182, -0.312701, 12.2258, 0.0318737, 1290.95, 275.198
18.5389, 6.32225, -0.222935, 18.7092, 0.00320411, 1489.18, 31.3249
4.04794, 8.75759, 0.318978, 4.03155, 0.00171771, 70.5833, 13.7552
18.4239, 17.5186, 0.438158, 18.4493, 0.0284464, 1472.58, 83.8027
3.84986, 22.2684, -0.104203, 3.86369, 0.000904604, 65.3035, 26.8235
13.9826, 22.4683, 0.153648, 13.9983, 0.0118056, 1454, 116.562
18.4742, 29.4983, -0.317796, 18.7589, 0.0629798, 1441.1, 162.986
5.63974, 24.7577, 0.431398, 5.69891, 0.0109648, 210.102, 106.321
10.8435, 27.6001, -0.265828, 10.9268, 0.0256755, 1159.21, 336.321
19.6309, 15.1559, 0.00487688, 19.6206, 0.0175853, 1474.43, 77.5179
14.9951, 10.4626, -0.349266, 15.3101, 0.0121673, 1485.69, 40.8368
9.02544, 35.8375, -0.211458, 9.10556, 0.0209596, 783.501, 464.372
21.0181, 14.7213, 0.421268, 21.036, 0.0225653, 1473.59, 79.0258
10.7856, 13.0794, -0.24739, 10.8864, 0.00682199, 1285.64, 196.074
16.8061, 23.2637, -0.144517, 16.8862, 0.0311075, 1460.09, 112.979
19.7882, 19.9158, 0.0644864, 19.75, 0.02918, 1467.63, 101.512
4.63111, 6.85271, 0.029222, 4.62201, 0.000226358, 107.178, 16.8802
15.5815, 23.2196, -0.473622, 16.1456, 0.075255, 1466.62, 98.6083
10.4859, 11.7114, 0.291423, 10.457, 0.00523153, 1188.65, 208.822
10.1312, 25.6453, -0.323844, 10.2543, 0.0198659, 1050.58, 345.514
16.3297, 15.4198, 0.150565, 16.2858, 0.0154965, 1478.1, 67.5421
18.8524, 32.4046, -0.0468741, 18.8626, 0.0627405, 1421.24, 205.89
4.78409, 13.5198, 0.413127, 4.77595, 0.000890728, 118.766, 37.1214
6.65786, 34.832, 0.0531407, 6.64179, 0.0454579, 339.496, 233.468
5.58014, 38.7054, -0.444936, 5.77959, 0.0428123, 236.832, 179.424
4.7944, 19.8621, -0.247202, 4.82467, 0.00241854, 126.257, 57.5377
7.01759, 15.5441, -0.346215, 7.14138, 0.0033316, 396.64, 130.155
6.192, 36.6164, 0.0632978, 6.23306, 0.0232917, 299.791, 219.608
15.0536, 10.7127, 0.350402, 15.0922, 0.0130378, 1485, 42.9055
16.8327, 18.7752, 0.0115746, 16.8201, 0.0217844, 1473.6, 84.4732
11.8836, 8.2195, -0.259554, 12.0112, 0.00326385, 1484.98, 36.9157
5.69415, 12.51, -0.261199, 5.78696, 0.00175369, 211.057, 55.5813
12.216, 7.14822, 0.401461, 12.2162, 0.00252194, 1489.77, 27.9678
11.1689, 37.2605, -0.122812, 11.1251, 0.0537318, 1097.31, 408.297
5.56812, 34.2155, -0.109108, 5.64234, 0.0181906, 218.321, 148.551
8.38451, 20.8539, -0.388504, 8.56156, 0.00775622, 692.633, 306.239
6.15283, 38.3266, 0.382975, 6.20671, 0.0378468, 296.106, 227.159
15.6119, 7.33986, -0.264835, 15.8302, 0.00613587, 1489.37, 29.8428
11.4149, 35.0666, -0.447949, 11.6384, 0.0280253, 1175.82, 361.058
3.99779, 11.5546, 0.151454, 3.96699, 0.00174677, 67.6979, 14.721
19.6437, 29.2727, -0.0478009, 19.6536, 0.0542931, 1445.05, 158.434
15.0178, 16.6397, 0.240123, 15.0586, 0.0313476, 1476.49, 68.2302
7.34011, 31.1591, -0.287508, 7.43955, 0.0127561, 478.791, 309.096
11.5247, 28.9462, 0.258829, 11.455, 0.0281411, 1214.21, 318.796
4.84078, 37.2966, 0.24543, 4.77747, 0.0169938, 136.234, 115.588
13.9085, 22.1063, -0.0394363, 13.9717, 0.010948, 1456.51, 111.78
10.005, 24.9372, 0.00789229, 9.96818, 0.0209453, 1001.75, 347.987
11.9934, 34.7651, 0.0244796, 11.9083, 0.0510751, 1204.48, 346.468
11.5373, 38.2531, 0.310933, 11.4401, 0.0314882, 1119.25, 402.23
15.2836, 28.7702, 0.0820417, 15.3921, 0.102925, 1430.76, 162.332
7.59882, 16.9727, -0.0234895, 7.60227, 0.00370489, 485.657, 178.214
8.40576, 36.0471, -0.265592, 8.51043, 0.0200782, 686.452, 449.466
7.97451, 11.839, -0.267443, 8.07043, 0.00219725, 569.435, 144.87
12.6893, 17.3735, 0.424403, 12.7433, 0.00614951, 1445, 118.531
12.5581, 12.5832, 0.400456, 12.5514, 0.00723459, 1476.6, 57.9637
8.75067, 21.0102, 0.0991366, 8.73241, 0.00647272, 741.656, 333.871
8.94446, 28.0614, 0.209416, 8.92164, 0.0123756, 777.209, 416.401
7.87604, 9.72648, -0.199884, 7.93887, 0.00143663, 541.335, 113.555
10.2216, 21.8594, 0.00586269, 10.1916, 0.0168433, 1067.38, 317.293
4.81891, 14.7816, 0.299268, 4.79738, 0.00112164, 121.596, 41.654
3.92703, 37.452, 0.216848, 3.93647, 0.00613174, 73.8828, 47.4082
14.0778, 27.3007, -0.234843, 14.2787, 0.0188975, 1432.07, 155.647
13.9279, 39.3792, 0.0661225, 13.9674, 0.0597, 1303.8, 316.899
14.4318, 14.1185, -0.0113868, 14.4953, 0.0207101, 1480.99, 55.5996
17.2458, 30.2569, -0.0988731, 17.2914, 0.0500502, 1422.61, 197.612
12.0184, 39.4328, -0.41176, 12.1845, 0.033015, 1180.89, 375.336
5.20819, 15.7478, -0.176997, 5.22277, 0.000307445, 156.498, 60.9424
17.9884, 10.4958, 0.218882, 17.9415, 0.00854617, 1483.04, 49.8727
5.41207, 30.2782, -0.0133211, 5.4668, 0.0128921, 193.84, 117.673
7.34446, 6.26202, 0.245725, 7.32879, 0.000513358, 422.9, 57.6029
14.2409, 23.7371, 0.400643, 14.3026, 0.0143854, 1451.97, 122.933
16.8358, 28.2517, 0.331717, 16.8113, 0.0635271, 1430.37, 178.291
8.66366, 37.2452, -0.41348, 8.87612, 0.0297055, 739.796, 464.912
13.8244, 11.7597, 0.480809, 13.8956, 0.00299106, 1487.18, 40.1481
19.0028, 24.2599, -0.0294819, 19.0052, 0.0379888, 1463.97, 119.798
4.53921, 30.1377, -0.440871, 4.61982, 0.0228409, 113.025, 75.6477
4.51973, 24.2133, -0.409842, 4.59609, 0.00342814, 110.498, 60.866
6.48413, 29.9333, 0.0329122, 6.48559, 0.029191, 309.423, 180.463
13.1688, 21.9831, 0.326522, 13.2009, 0.0107907, 1429.92, 149.441
4.7858, 9.88522, -0.332499, 4.85599, 0.000557678, 123.879, 27.7337
12.3101, 35.3217, 0.263055, 12.2122, 0.0387652, 1225.56, 335.85
4.44552, 20.233, 0.0196062, 4.41711, 0.0107259, 96.4693, 44.3449
12.6644, 29.9462, 0.116326, 12.5818, 0.0387277, 1321.3, 255.354
9.62515, 22.1524, -0.473506, 9.873, 0.012967, 984.247, 324.912
11.2836, 13.1318, -0.0107617, 11.2715, 0.00747984, 1359.98, 162.148
11.292, 38.5839, 0.345057, 11.2054, 0.0259815, 1090.13, 415.676
4.40542, 31.9676, -0.22599, 4.40888, 0.0270322, 100.673, 72.1192
12.6758, 26.2516, 0.416097, 12.6518, 0.0212454, 1364.35, 209.262
13.2068, 39.2557, -0.17935, 13.1763, 0.0685056, 1261.43, 328.03
18.9787, 29.8664, 0.0342628, 18.9462, 0.0550034, 1437.27, 171.355
18.9109, 29.8717, -0.302509, 19.1801, 0.0655196, 1441.24, 164.14
6.10828, 39.546, -0.293497, 6.23629, 0.0389097, 303.421, 238.23
3.84387, 26.737, 0.370154, 3.84778, 0.00134408, 65.3087, 31.2344
17.7784, 12.6173, -0.130618, 17.8548, 0.0112895, 1480.26, 59.2581
14.0058, 39.8607, -0.271913, 14.2575, 0.094472, 1318.2, 304.891
7.26347, 21.8563, -0.0104905, 7.2635, 0.00554875, 431.132, 201.798
5.7012, 28.0701, -0.267553, 5.82391, 0.0123851, 229.417, 129.091
11.8462, 27.4914, -0.238813, 11.9187, 0.0289966, 1285.47, 270.527
9.73672, 28.7186, -0.225782, 9.78324, 0.0248398, 942.417, 377.859
10.9217, 27.5566, -0.376775, 11.0949, 0.0231442, 1183.11, 326.512
8.90562, 27.7676, -0.44806, 9.14318, 0.0167897, 816.332, 411.115
12.5249, 17.5919, -0.333669, 12.7085, 0.0136266, 1454.38, 95.2913
6.99104, 21.6764, -0.389675, 7.13941, 0.00660015, 403.347, 182.381
10.6534, 34.0278, -0.0312749, 10.5942, 0.0424816, 1052.8, 400.524
3.82194, 12.1144, 0.224806, 3.81206, 0.000305435, 60.382, 14.5315
13.4565, 11.1578, -0.151709, 13.557, 0.00245232, 1488.21, 37.2761
16.4139, 12.6529, 0.23495, 16.3718, 0.011145, 1481.47, 55.5509
8.76273, 38.1043, -0.192649, 8.83428, 0.0228505, 732.358, 472.617
19.9055, 12.569, -0.211287, 20.073, 0.012765, 1478.28, 65.1052
5.13156, 27.7342, 0.148554, 5.08524, 0.000994237, 152.982, 112.503
15.0625, 21.5871, 0.13969, 15.1245, 0.0532139, 1464.92, 99.9582
17.7821, 30.2588, 0.123189, 17.7301, 0.0558469, 1426.02, 191.511
8.1953, 9.79704, 0.109763, 8.17888, 0.00141284, 592.724, 127.144
13.1067, 22.9641, 0.169046, 13.1228, 0.0115792, 1419.65, 164.153
20.1282, 18.79, 0.156601, 20.0709, 0.0279776, 1468.61, 97.275
12.9151, 35.5952, 0.287549, 12.8174, 0.0382242, 1275.85, 305.83
8.82109, 28.4456, 0.0873666, 8.80321, 0.0119177, 755.123, 413.905
15.3644, 36.8959, -0.205731, 15.7, 0.226821, 1383.14, 238.618
10.0485, 9.9901, 0.436767, 10.0562, 0.00353067, 1072.7, 189.653
17.4734, 23.4937, 0.131833, 17.4242, 0.0350479, 1461.44, 112.966
15.1849, 29.6404, 0.041485, 15.3086, 0.109733, 1423.61, 172.848
19.2179, 25.0364, 0.464324, 19.2627, 0.0739803, 1462.22, 123.56
7.80742, 9.26514, -0.386662, 7.97132, 0.00140807, 542.372, 106.988
4.51744, 20.4286, -0.0567328, 4.49849, 0.0112835, 101.927, 47.2615
11.6298, 33.3508, 0.111831, 11.5395, 0.0428352, 1180.66, 354.457
7.22353, 10.5992, 0.198616, 7.20615, 0.00140119, 405.609, 93.4157
5.17356, 25.8742, 0.00536163, 5.13943, 0.000964675, 156.438, 106.28
18.432, 32.1935, 0.0164576, 18.4087, 0.0607506, 1418.84, 209.366
10.7155, 11.2198, 0.085052, 10.6858, 0.00517034, 1257.59, 189.984
8.7603, 6.79727, 0.256519, 8.74255, 0.000745108, 716.633, 107.034
8.42446, 22.295, 0.189455, 8.40273, 0.00699151, 665.716, 322.735
11.4425, 32.5237, -0.101453, 11.4145, 0.0414911, 1177.04, 352.812
18.6397, 31.0559, -0.0550666, 18.6551, 0.0570135, 1428.43, 190.521
3.49223, 18.1377, -0.065624, 3.4982, 0.000595933, 47.725, 16.2021
8.95714, 12.8457, 0.322938, 8.94677, 0.00266351, 773.742, 219.051
13.3155, 36.8361, -0.102402, 13.2593, 0.0649367, 1296.46, 295.895
20.1475, 20.5258, 0.297084, 20.1048, 0.0371842, 1466.18, 105.506
19.8154, 19.8027, -0.278411, 20.063, 0.0296337, 1468.08, 100.307
18.0064, 22.0317, 0.319137, 17.9751, 0.038637, 1468.1, 104.588
15.1391, 31.6851, 0.455716, 15.3476, 0.170002, 1406.45, 197.665
9.52113, 21.5195, -0.036116, 9.50421, 0.0148755, 917.259, 325.955
6.9576, 19.2672, -0.429795, 7.13, 0.00540506, 397.045, 159.517
14.4762, 18.1652, -0.319056, 14.782, 0.0365808, 1474.44, 74.5046
7.96271, 37.9075, 0.168773, 7.95008, 0.0214433, 582.224, 425.484
14.0635, 38.0021, -0.327293, 14.375, 0.0828236, 1345.16, 276.062
7.18384, 28.0643, -0.181597, 7.23319, 0.0092511, 436.271, 256.782
5.93333, 13.6647, 0.385957, 5.96397, 0.0025943, 230.641, 66.9684
4.5137, 14.0171, -0.454611, 4.62201, 0.00106458, 107.149, 34.0563
12.7238, 5.57868, 0.399748, 12.7433, 0.000607974, 1493.63, 19.0888
7.32171, 8.78062, -0.189646, 7.37606, 0.00107481, 433.786, 81.7535
13.0568, 9.12483, 0.497978, 13.1274, 0.00168069, 1489.93, 31.2239
10.4393, 17.0417, -0.432547, 10.678, 0.00975194, 1196.93, 251.056
9.58918, 7.03749, 0.00509103, 9.58156, 0.00183558, 944.059, 118.409
4.779, 32.7569, 0.376932, 4.73844, 0.0092078, 128.243, 96.1016
14.699, 9.29603, 0.32402, 14.7231, 0.00944025, 1487.08, 36.6613
10.5711, 16.9081, 0.240853, 10.5292, 0.0103975, 1172.06, 259.882
3.20572, 6.98424, 0.174139, 3.20078, 0.000165006, 35.4945, 5.68304
16.5798, 25.1275, 0.216354, 16.5312, 0.0402292, 1446.37, 141.653
18.6212, 26.2129, -0.100268, 18.67, 0.0422723, 1456.11, 130.91
4.63327, 33.3188, -0.161208, 4.61982, 0.0318044, 117.025, 87.6552
16.9752, 32.1812, -0.364966, 17.3096, 0.0791492, 1413.35, 217.749
5.85168, 26.6421, -0.0211545, 5.9053, 0.0102536, 239.34, 129.939
4.15753, 7.8108, -0.41281, 4.2444, 0.00156799, 81.5494, 13.925
6.01247, 32.5349, -0.370272, 6.19169, 0.0217167, 281.258, 180.19
5.64857, 29.8471, -0.168851, 5.7389, 0.013589, 222.771, 133.099
18.0424, 32.4265, 0.0735626, 18, 0.0621438, 1413.83, 218.365
19.3691, 14.3675, 0.230639, 19.3179, 0.0169534, 1475.92, 72.4985
11.2509, 19.775, 0.179067, 11.1991, 0.0153072, 1275.09, 245.466
16.8306, 33.5984, -0.12096, 16.895, 0.0612172, 1394.7, 248.812
7.52751, 8.50787, 0.273749, 7.5134, 0.000960601, 456.405, 84.6524
7.5781, 20.318, 0.0571155, 7.56691, 0.00506976, 484.312, 212.469
8.21849, 29.5036, -0.00469959, 8.217, 0.0115153, 635.532, 382.434
6.61126, 33.6256, -0.351777, 6.73943, 0.0384654, 347.915, 225.167
9.5633, 14.7147, 0.0296041, 9.54126, 0.00737795, 936.787, 247.386
5.08267, 21.3508, -0.405265, 5.16922, 0.000657037, 152.899, 82.3578
5.59486, 34.335, -0.199088, 5.69461, 0.0196063, 223.663, 152.005
17.3224, 38.225, -0.0573596, 17.3546, 0.0846979, 1359.92, 300.465
18.9985, 32.7025, -0.0630033, 19.0194, 0.0646986, 1420.64, 207.812
17.4449, 9.42756, 0.430387, 17.4658, 0.00739043, 1484.99, 43.6309
7.14217, 15.6308, 0.299021, 7.13058, 0.0029324, 396.498, 134.184
14.2846, 33.7197, -0.0754824, 14.3818, 0.0340682, 1383.56, 230.944
8.99755, 6.50519, 0.174953, 8.97647, 0.000711916, 777.559, 111.3
12.7325, 22.8104, 0.104673, 12.6729, 0.0239138, 1403.67, 162.696
4.39519, 17.1372, 0.261543, 4.36335, 0.00712352, 91.6228, 35.532
18.3527, 10.0543, -0.368246, 18.7078, 0.00796043, 1483.62, 48.5683
5.0345, 5.46499, -0.0820166, 5.04058, 2.70415e-005, 138.107, 17.2921
18.0363, 31.633, 0.0266443, 18.0099, 0.0574629, 1419.89, 205.985
5.45057, 29.5337, -0.360663, 5.60981, 0.014622, 205.493, 120.221
5.93537, 9.07284, -0.358916, 6.06637, 0.000910268, 239.898, 45.9931
6.70618, 12.8968, -0.177446, 6.75118, 0.00201316, 335.727, 92.2744
10.0508, 13.9234, -0.247351, 10.1433, 0.00696443, 1098.04, 243.317
7.06554, 13.506, -0.415734, 7.23151, 0.00267818, 407.752, 115.802
9.96282, 11.8802, 0.120961, 9.93029, 0.00519115, 1049.56, 221.05
11.7723, 8.14068, 0.183275, 11.7359, 0.0031724, 1470.95, 53.2064
12.8409, 39.2682, -0.0920134, 12.7603, 0.0730578, 1228.34, 349.543
16.6921, 11.1868, -0.118472, 16.7553, 0.00845358, 1483.29, 49.762
6.80507, 32.9508, 0.354508, 6.79832, 0.0390312, 358.782, 234.07
11.1869, 30.9255, -0.196207, 11.2153, 0.0345967, 1169.07, 350.401
15.0795, 35.7605, 0.0901907, 15.2383, 0.180061, 1375.43, 246.272
10.512, 17.1129, -0.0476672, 10.5059, 0.01112, 1168.95, 261.663
12.5005, 19.3833, 0.0559459, 12.458, 0.0175492, 1421.94, 134.621
19.5837, 21.5309, -0.0699614, 19.6145, 0.0321094, 1466, 108.32
5.7311, 6.06395, -0.211078, 5.79353, 0.000373204, 209.507, 27.1424
10.3905, 29.9156, 0.418099, 10.3622, 0.0185233, 1040.72, 376.132
19.3878, 9.29099, 0.179972, 19.3366, 0.00723559, 1483.69, 47.6094
13.253, 13.5099, -0.390121, 13.5676, 0.00366957, 1485.48, 45.6773
18.6232, 36.4868, 0.013436, 18.6061, 0.0804672, 1391.07, 264.706
18.5022, 11.1745, 0.448559, 18.5349, 0.0112859, 1481.51, 54.2375
15.1308, 30.7606, -0.433617, 15.6736, 0.156798, 1429.06, 165.754
14.5425, 17.7796, 0.0450877, 14.6033, 0.0335749, 1473.73, 76.1713
12.0121, 21.4772, -0.312266, 12.1608, 0.0183765, 1375.98, 182.655
8.61091, 5.84242, 0.425058, 8.62249, 0.00053815, 680.555, 87.1286
12.7589, 15.295, 0.256786, 12.7656, 0.0046657, 1462.08, 89.5111
8.02453, 7.59872, 0.269038, 8.00918, 0.00083206, 551.917, 91.7576
18.3801, 31.3993, 0.127775, 18.3247, 0.062798, 1422.88, 200.585
12.4444, 20.5589, 0.305686, 12.3991, 0.0172825, 1403.65, 156.697
10.574, 34.9098, 0.251771, 10.4878, 0.0330543, 1027.59, 409.63
16.4813, 20.1237, -0.35017, 16.7765, 0.0258223, 1473.02, 88.6857
3.63692, 21.581, -0.295935, 3.68823, 0.00079579, 56.254, 22.0897
19.1564, 19.5327, 0.33023, 19.1277, 0.0329139, 1469.05, 96.6375
7.97526, 19.7308, -0.398851, 8.15077, 0.00656315, 595.104, 248.276
17.132, 12.2249, -0.451744, 17.5908, 0.0111017, 1481.7, 55.1577
19.0782, 18.6731, 0.155307, 19.0242, 0.026049, 1470.21, 92.4459
11.8774, 28.9931, -0.456309, 12.1463, 0.0241883, 1292.68, 269.584
15.7725, 25.4531, -0.216184, 16.0316, 0.0823451, 1458.36, 118.921
8.5587, 22.6287, -0.257965, 8.6554, 0.00824996, 722.544, 342.4
14.7411, 8.42127, 0.30076, 14.7556, 0.00771257, 1488.2, 33.2909
3.55741, 30.8639, 0.273257, 3.55842, 0.00208487, 52.934, 28.104
15.2361, 37.3578, 0.348211, 15.4437, 0.241478, 1365.04, 260.986
16.8022, 10.5362, -0.280982, 17.0175, 0.00776047, 1484.17, 47.0939
6.99997, 6.72094, -0.390877, 7.14942, 0.000652129, 390.048, 55.2765
17.5683, 37.6263, -0.125354, 17.6485, 0.0879283, 1371.16, 288.814
13.0399, 39.2948, 0.359954, 12.9452, 0.0276073, 1239.87, 340.739
10.8385, 30.1856, -0.243971, 10.8982, 0.0306233, 1131.92, 359.659
9.91338, 30.7976, 0.0217189, 9.85697, 0.0312213, 948.241, 392.877
12.481, 28.143, 0.232781, 12.4058, 0.0307294, 1324.48, 246.685
15.969, 26.2413, 0.0795717, 16.0651, 0.0865161, 1454, 128.419
14.2812, 8.35814, 0.223255, 14.2682, 0.00153305, 1490.54, 28.7205
11.3536, 36.8903, -0.046728, 11.2802, 0.0551349, 1118.8, 398.669
12.2034, 13.8931, -0.371211, 12.4246, 0.0086134, 1467.51, 70.7807
10.2705, 32.2476, 0.253815, 10.1965, 0.028782, 999.006, 397.349
18.2654, 5.43579, 0.342168, 18.2476, 0.00249139, 1490.69, 26.4534
11.8387, 31.5052, 0.20732, 11.7534, 0.0355798, 1221.78, 324.116
7.95687, 15.7028, 0.175687, 7.93714, 0.00332503, 548.98, 188.01
13.8744, 28.8864, -0.232726, 14.0735, 0.0218214, 1413.95, 182.438
7.16464, 35.8303, 0.253451, 7.15565, 0.0162186, 437.176, 326.871
5.27978, 24.549, -0.318505, 5.32893, 0.000992822, 171.208, 108.187
15.6079, 33.8489, -0.170149, 15.8836, 0.170385, 1408.8, 200.701
6.97127, 18.4697, -0.27961, 7.06014, 0.004389, 388.356, 151.457
15.0232, 37.8391, 0.135871, 15.0537, 0.0551168, 1369.84, 257.253
5.30289, 20.7944, -0.454072, 5.41766, 0.000656436, 174.959, 90.9295
14.229, 21.9491, 0.491384, 14.3317, 0.0121772, 1461.52, 103.455
6.02921, 20.6562, 0.40839, 6.07811, 0.00719184, 250.256, 107.465
11.3565, 38.1868, -0.339354, 11.4526, 0.0403059, 1124.63, 399.44
12.3614, 32.9076, 0.299102, 12.2814, 0.0332014, 1259.11, 306.504
10.4061, 26.4711, 0.44922, 10.3962, 0.0158248, 1069.59, 349.045
15.08, 17.9566, 0.116768, 15.1275, 0.0359312, 1474.08, 75.2563
11.5008, 33.1425, -0.0835716, 11.4622, 0.0437102, 1176.23, 355.643
14.2946, 31.2996, 0.450609, 14.3949, 0.0338026, 1401.93, 206.64
10.8456, 35.5664, 0.206047, 10.7496, 0.0385904, 1062.49, 408.769
17.6852, 16.1504, -0.266388, 17.8936, 0.0180133, 1475.77, 74.8272
19.1393, 28.5073, 0.0826695, 19.0903, 0.0525729, 1445.7, 153.911
17.5377, 6.94621, -0.15116, 17.6315, 0.00361162, 1488.81, 32.4827
13.0016, 14.6401, 0.220321, 13.0036, 0.00433318, 1473.38, 70.2292
6.20822, 35.7902, -0.336069, 6.37134, 0.02915, 313.694, 221.248
15.9546, 19.3256, 0.298905, 16.0202, 0.0470592, 1471.76, 82.6385
14.3336, 24.0916, 0.373899, 14.3858, 0.0149198, 1451.82, 124.057
11.0125, 22.7704, 0.443513, 11.0068, 0.0146187, 1210.19, 290.892
4.33637, 36.4314, -0.268648, 4.30216, 0.0308654, 93.5916, 65.614
18.0882, 27.2205, 0.162649, 18.0316, 0.04867, 1445.91, 148.51
11.3488, 28.7727, 0.287864, 11.285, 0.0262376, 1195.02, 328.246
3.44352, 8.42789, 0.475586, 3.4527, 0.000147923, 43.961, 7.40477
17.405, 14.2059, -0.0962042, 17.4539, 0.013684, 1478.46, 65.3112
5.67036, 15.8856, -0.243094, 5.763, 0.00298564, 210.683, 69.9062
10.3611, 11.3146, -0.151569, 10.4061, 0.00501159, 1183.87, 205.438
5.87105, 36.9532, -0.372552, 6.04309, 0.0325188, 269.31, 195.524
11.0533, 32.5261, 0.263849, 10.9751, 0.0312013, 1120.24, 376.859
15.2281, 30.9813, 0.362786, 15.3822, 0.143185, 1412.36, 189.487
4.2885, 16.6805, -0.452097, 4.38263, 0.00698387, 91.211, 33.6853
7.50903, 32.2563, 0.216867, 7.4925, 0.01314, 494.127, 336.486
15.6229, 40.124, 0.187973, 15.8242, 0.264973, 1352.42, 281.331
15.3123, 15.5829, 0.244959, 15.349, 0.0279725, 1478.7, 63.0274
14.4985, 29.6763, -0.16421, 14.65, 0.0238833, 1425.59, 169.409
6.0734, 23.9162, -0.138937, 6.15109, 0.00825071, 265.995, 130.447
5.92103, 5.94889, 0.0580361, 5.92628, 0.0003809, 225.004, 28.8746
10.357, 38.3273, 0.395678, 10.2957, 0.0181444, 969.301, 435.637
9.84047, 34.54, 0.34628, 9.77938, 0.0228862, 911.132, 417.667
17.0034, 36.2145, 0.374022, 17.0152, 0.16708, 1372.37, 276.262
15.3703, 32.4022, 0.0718535, 15.5055, 0.140154, 1407.85, 198.898
3.65953, 22.5331, 0.15055, 3.65175, 0.00094476, 55.2237, 22.8061
14.4751, 19.5622, 0.425021, 14.5845, 0.0463526, 1467.51, 90.8901
16.8788, 35.9109, 0.36742, 16.8857, 0.155194, 1372.78, 274.696
17.7706, 13.257, 0.151208, 17.7234, 0.0128225, 1479.24, 62.2014
4.52453, 20.1014, 0.161602, 4.49404, 0.00215621, 102.692, 48.2347
19.893, 21.268, 0.452605, 19.9296, 0.0495409, 1465.66, 107.427
13.0795, 14.8661, 0.288689, 13.0899, 0.00453243, 1473.8, 69.7322
16.2089, 10.9647, 0.395513, 16.2114, 0.00904451, 1483.89, 47.5783
12.9658, 13.2556, 0.402583, 13.0035, 0.00355153, 1478.61, 58.1025
18.3415, 29.7932, -0.354558, 18.6786, 0.0679466, 1439.41, 166.358
12.101, 16.1516, 0.212472, 12.053, 0.0116098, 1420.39, 127.783
9.88488, 37.2258, 0.275023, 9.79715, 0.030216, 899.65, 434.714
11.8846, 24.5043, 0.184716, 11.8199, 0.0239071, 1304.52, 247.009
10.4084, 23.0424, 0.204092, 10.3543, 0.0178397, 1091.43, 322.836
18.0848, 22.0278, -0.0617403, 18.1084, 0.0305656, 1468.07, 104.624
5.7203, 35.1733, -0.167337, 5.81008, 0.0209274, 239.53, 167.066
8.46355, 18.5224, -0.11656, 8.49547, 0.00513364, 679.638, 272.911
15.1514, 26.6132, -0.099615, 15.3213, 0.0849516, 1444.07, 139.566
12.0841, 25.1223, 0.148586, 12.0175, 0.0260814, 1320.45, 238.626
4.79914, 11.0556, -0.180648, 4.8222, 0.000670874, 122.514, 31.0303
9.65789, 5.61984, 0.0396363, 9.64421, 0.00119962, 962.066, 96.2062
5.11443, 11.1219, 0.119659, 5.09005, 0.00010128, 143.363, 38.4595
10.4931, 22.0683, -0.00973321, 10.4661, 0.0177733, 1123.02, 309.444
4.59769, 36.113, -0.42505, 4.65938, 0.0102469, 123.612, 100.038
13.1835, 35.5205, -0.0732101, 13.2754, 0.0376461, 1304.87, 303.181
17.2433, 34.4342, 0.335182, 17.2275, 0.119853, 1391.01, 252.942
17.2294, 34.4562, 0.0268461, 17.2078, 0.0648073, 1391.04, 256.493
7.52143, 22.7969, -0.0627379, 7.53355, 0.00634425, 482.692, 235.507
19.0108, 18.6519, 0.0152722, 18.9942, 0.0245714, 1470.42, 92.0754
15.2047, 11.1686, 0.0613988, 15.233, 0.0136929, 1484.39, 44.7828
18.5199, 21.5948, 0.322433, 18.4888, 0.0384903, 1467.48, 104.127
19.2719, 19.148, -0.0460564, 19.2881, 0.0258715, 1469.52, 95.5252
12.1224, 33.6965, 0.206956, 12.0263, 0.0406455, 1226.33, 329.792
13.021, 31.1299, 0.403361, 12.9791, 0.0251353, 1338.5, 245.797
11.9754, 27.7586, -0.0410794, 11.9404, 0.032519, 1284.55, 272.72
4.16925, 13.8386, 0.325149, 4.14626, 0.00431193, 77.6279, 24.1513
3.57494, 35.8861, -0.351821, 3.65907, 0.0034363, 58.1616, 34.4748
18.023, 24.2379, -0.272686, 18.2411, 0.0382497, 1463.83, 114.982
15.531, 9.81368, 0.170095, 15.5378, 0.0109105, 1485.91, 40.0657
16.1993, 7.27291, -0.442764, 16.619, 0.00379398, 1489.24, 31.4926
6.35347, 5.93382, -0.0619717, 6.37108, 0.000921808, 278.168, 31.0518
22.0341, 8.98028, 0.405146, 22.0444, 0.00856609, 1482.38, 50.9819
5.39963, 25.4391, -0.349766, 5.54711, 0.00948738, 194.57, 99.3658
15.2708, 5.14606, 0.266293, 15.2637, 0.00295859, 1492.42, 20.9738
14.2083, 15.8252, -0.38517, 14.5441, 0.0055975, 1483.64, 52.8857
14.5193, 27.5469, 0.263171, 14.5479, 0.0206007, 1434.49, 155.358
4.79517, 29.0158, 0.00793095, 4.75829, 0.00681552, 127.969, 85.5981
7.11112, 39.0191, 0.0945585, 7.10573, 0.0187996, 435.413, 352.777
13.4651, 38.8166, 0.160026, 13.4923, 0.0554433, 1281.79, 331.684
13.5659, 35.9116, 0.0513492, 13.611, 0.0398778, 1322.38, 291.647
15.424, 30.7682, -0.123348, 15.6375, 0.125794, 1423.92, 175.153
8.41396, 27.2729, 0.357181, 8.41048, 0.0118271, 668.037, 375.305
12.0069, 9.69951, -0.0562116, 12.0156, 0.00459071, 1477.32, 49.8549
9.78929, 21.0219, 0.321484, 9.7544, 0.0129311, 970.161, 320.058
12.0986, 20.545, -0.137345, 12.1271, 0.0185076, 1383.12, 174.624
6.11413, 15.5612, -0.401093, 6.26619, 0.00609243, 263.202, 76.2237
12.5808, 15.4404, -0.2004, 12.6606, 0.0114123, 1466.82, 76.0668
12.4092, 9.96011, -0.00512807, 12.3991, 0.00504748, 1485.12, 39.9569
18.6304, 14.699, 0.279709, 18.5895, 0.0174595, 1476.27, 71.5977
4.56861, 19.6356, -0.50536, 4.69411, 0.00215299, 114.08, 50.6113
7.84733, 5.08064, -0.309332, 7.96473, 0.000416931, 540.813, 58.7445
6.16502, 15.8688, -0.313609, 6.27454, 0.00646962, 265.826, 79.1686
6.10855, 28.4107, 0.36881, 6.16392, 0.015911, 272.347, 156.809
11.5922, 25.4344, -0.227882, 11.6615, 0.0248005, 1278.62, 266.344
4.63603, 21.587, -0.323587, 4.68224, 0.012881, 114.261, 55.369
3.86937, 37.9636, -0.0342867, 3.89272, 0.00561365, 71.6235, 46.2795
18.566, 31.1143, 0.130813, 18.5092, 0.0626014, 1426.62, 192.971
15.1159, 13.5916, 0.269079, 15.1471, 0.0209142, 1481.41, 54.3888
8.06895, 19.6218, 0.388208, 8.07104, 0.00554701, 579.086, 247.196
17.3187, 36.892, 0.342075, 17.3164, 0.161884, 1370.7, 281.629
16.1426, 18.0729, 0.343126, 16.1237, 0.0234398, 1475.27, 79.2697
13.4442, 37.7866, -0.39126, 13.8184, 0.091625, 1318.76, 296.13
14.9789, 32.0101, -0.296704, 15.3523, 0.15254, 1412.26, 191.425
10.4835, 12.7309, -0.177267, 10.5404, 0.00632523, 1208.07, 214
12.2466, 26.2879, -0.434814, 12.5085, 0.0228762, 1356.05, 213.805
15.1378, 15.8052, -0.255526, 15.3783, 0.0281815, 1479.09, 62.3993
8.35184, 11.1725, 0.457084, 8.37184, 0.00190568, 627.13, 153.404
6.90666, 19.299, -0.299745, 7.00435, 0.00478531, 379.889, 154.465
3.08028, 17.7507, 0.2101, 3.07806, 0.00152631, 31.9455, 11.5643
17.0892, 25.7239, -0.0599339, 17.1093, 0.0371073, 1448.34, 139.848
9.57242, 24.705, 0.247665, 9.52157, 0.0174237, 907.695, 352.109
17.2295, 9.96018, 0.00376392, 17.2232, 0.00705766, 1484.48, 45.6584
10.6844, 8.88805, -0.351348, 10.8676, 0.00324816, 1316.34, 150.267
7.54034, 30.6356, -0.0538942, 7.55076, 0.0110426, 503.614, 324.936
18.3728, 15.2073, -0.484615, 18.9247, 0.0186669, 1476.43, 72.2465
14.6881, 15.9828, 0.438255, 14.7869, 0.0304251, 1477.35, 65.4038
18.6224, 34.9582, 0.404184, 18.6437, 0.185328, 1403.94, 238.888
4.38334, 22.0929, 0.072352, 4.34826, 0.012401, 92.7055, 46.5453
18.7405, 31.5328, 0.134789, 18.6824, 0.0653834, 1425.37, 196.28
19.1849, 19.663, 0.077985, 19.1441, 0.0277107, 1468.89, 97.7698
5.53682, 7.4091, 0.475841, 5.56934, 0.000666387, 184.126, 29.1285
9.58906, 27.9733, 0.429138, 9.56974, 0.0157246, 901.654, 374.755
7.09237, 12.7542, -0.15359, 7.13159, 0.00208752, 395.657, 108.208
6.41012, 20.7799, -0.112286, 6.44946, 0.0122649, 294.453, 117.745
5.89515, 22.3808, -0.402596, 6.0744, 0.00764831, 250.635, 113.835
16.5232, 5.47314, 0.0728521, 16.4957, 0.0021571, 1491.51, 24.3171
20.4692, 14.3994, -0.0522861, 20.4932, 0.0166857, 1474.66, 76.3649
15.4832, 7.40407, -0.00389248, 15.5169, 0.00611724, 1489.24, 30.1743
17.1998, 13.8155, 0.331533, 17.1764, 0.0146559, 1479.06, 62.9388
9.60003, 32.9125, -0.248456, 9.64445, 0.0309126, 894.995, 406.942
6.79201, 8.67245, -0.241682, 6.86269, 0.000977949, 348.742, 64.3009
19.0375, 14.1719, 0.0741394, 19.0013, 0.0152724, 1476.61, 70.5653
4.96285, 17.9637, 0.0268318, 4.95751, 0.00787392, 137.365, 58.6097
4.58287, 31.5725, 0.0409893, 4.53823, 0.0272739, 110.237, 78.7465
15.0473, 35.6856, 0.319505, 15.2247, 0.200819, 1373.06, 247.793
20.5159, 17.5705, -0.0480785, 20.5352, 0.0238466, 1469.95, 92.6122
19.5775, 9.44937, -0.38887, 19.99, 0.00761386, 1483.59, 48.3463
9.07016, 25.2648, 0.459739, 9.09448, 0.0122239, 809.681, 396.279
18.7658, 17.3236, -0.205787, 18.9165, 0.0214215, 1472.65, 84.3754
8.61384, 8.56422, 0.339881, 8.60684, 0.00114733, 682.866, 128.473
16.5074, 39.1045, -0.378398, 17.1074, 0.382825, 1396.87, 227.662
15.8446, 16.2051, 0.321907, 15.901, 0.0323566, 1477.61, 66.9973
7.26994, 22.393, -0.0965696, 7.29087, 0.00595365, 436.853, 208.489
10.0543, 10.5784, 0.169986, 10.0204, 0.00420214, 1076.16, 202.551
15.5203, 11.6924, -0.350346, 15.8526, 0.0158879, 1483.74, 46.56
14.2338, 37.8894, 0.0695614, 14.2745, 0.0515976, 1337.77, 285.507
3.74155, 7.23608, 0.307071, 3.73519, 0.000116772, 56.0441, 8.3005
13.0803, 20.11, 0.292882, 13.1015, 0.00870274, 1440.41, 131.05
11.3351, 25.7445, 0.199365, 11.2702, 0.0242437, 1224.53, 300.364
12.269, 17.4592, -0.233071, 12.3658, 0.013662, 1434.42, 116.162
20.2551, 12.8521, 0.485322, 20.3175, 0.0173032, 1477.34, 67.0238
14.5897, 34.9704, -0.109555, 14.7099, 0.040285, 1385.44, 231.733
4.56842, 26.623, 0.395559, 4.54189, 0.00427488, 108.631, 66.9324
7.32828, 22.0059, 0.249381, 7.31162, 0.00578997, 438.077, 207.504
4.17164, 37.8972, 0.244238, 4.18318, 0.00666639, 88.7122, 58.3132
15.2542, 12.2462, -0.00240619, 15.3079, 0.0165047, 1483.03, 48.9816
15.0397, 40.3945, 0.300953, 15.2647, 0.287917, 1328.45, 304.541
12.2557, 31.5149, 0.0505468, 12.179, 0.0424353, 1267.14, 297.952
15.3857, 39.5767, -0.327531, 15.8928, 0.34522, 1369.42, 260.718
4.21402, 16.706, 0.0731792, 4.18643, 0.00676978, 81.1034, 30.6447
15.1875, 37.8236, 0.0403572, 15.3796, 0.212945, 1363.52, 264.812
12.7684, 26.0343, 0.217076, 12.7898, 0.0153173, 1369.61, 222.442
3.56922, 34.3248, -0.303337, 3.63581, 0.00256237, 57.0087, 32.5333
13.61, 15.2598, -0.120798, 13.7011, 0.00476806, 1481.4, 55.7894
17.6052, 11.7973, -0.220086, 17.7627, 0.00996748, 1481.67, 54.8483
7.36722, 12.824, -0.168277, 7.41332, 0.00222061, 444.238, 122.404
7.3295, 39.7905, -0.0657918, 7.35169, 0.0195736, 479.334, 385.91
10.7168, 27.9931, 0.373637, 10.6778, 0.0203098, 1112.08, 351.875
18.635, 19.7903, 0.226801, 18.5828, 0.0296214, 1469.47, 95.9677
9.87969, 8.04813, -0.317508, 10.0247, 0.00244138, 1072.82, 154.103
5.13373, 23.5634, -0.497567, 5.26319, 0.000800196, 161.728, 96.2911
3.70856, 13.3953, -0.0381618, 3.71127, 0.000353891, 56.0793, 14.7018
5.78484, 5.42356, 0.225178, 5.78322, 0.000321887, 208.213, 24.3752
11.3815, 33.8707, -0.062642, 11.3312, 0.0454599, 1153.55, 370.409
12.6156, 7.02384, -0.445412, 12.9633, 0.000896662, 1492.64, 22.6277
5.13832, 28.3782, -0.272239, 5.16439, 0.00142968, 159.719, 118.97
13.8237, 13.8276, -0.263416, 14.02, 0.00394124, 1485.59, 46.2778
15.1297, 33.5196, -0.137865, 15.3723, 0.158076, 1399.41, 210.966
13.5232, 29.4291, 0.404822, 13.5947, 0.0245671, 1384.27, 220.51
6.78484, 31.6831, 0.0882745, 6.77506, 0.0357956, 356.03, 222.913
13.2013, 37.2186, -0.0712034, 13.2925, 0.0453674, 1287.47, 321.665
7.08452, 29.3518, 0.12742, 7.06819, 0.00946266, 410.44, 254.347
10.8036, 34.5617, 0.43502, 10.7698, 0.0175427, 1072.02, 399.197
3.65572, 28.3258, -0.353569, 3.72813, 0.00139933, 59.6767, 29.1857
12.7819, 36.7594, 0.0364624, 12.6764, 0.0620474, 1251.51, 326.357
11.213, 13.5385, -0.0591198, 11.2168, 0.00784508, 1346.69, 172.704
21.8631, 6.80355, 0.190594, 21.8068, 0.00451291, 1486.36, 39.2063
19.11, 36.8734, 0.0942264, 19.0632, 0.0905355, 1391.06, 266.392
10.8344, 21.6378, -0.336846, 10.987, 0.0161086, 1222.84, 278.333
20.7291, 7.75403, 0.448328, 20.7668, 0.00608651, 1485.41, 41.9308
14.4938, 33.2763, 0.239707, 14.5253, 0.0352163, 1390.81, 224.239
21.3382, 11.3131, -0.0430882, 21.3583, 0.0112051, 1478.8, 62.7924
17.5899, 37.4424, 0.279288, 17.5635, 0.136675, 1369.01, 287.516
21.8176, 6.46061, 0.383856, 21.8167, 0.00432486, 1487.11, 36.8473
12.0015, 6.61012, 0.24545, 11.9691, 0.00217699, 1489.29, 28.1663
6.41526, 10.9565, 0.110651, 6.41153, 0.00327467, 284.257, 59.5871
8.64061, 17.8009, -0.0912989, 8.66444, 0.00484768, 719.402, 278.729
12.157, 20.3941, 0.105701, 12.105, 0.0183758, 1381.47, 175.745
6.67513, 12.5746, -0.399331, 6.82225, 0.00214318, 342.07, 90.1321
10.6511, 33.5726, -0.249631, 10.6996, 0.0362095, 1071.57, 392.235
14.4978, 17.759, 0.324574, 14.5604, 0.0356371, 1473.02, 77.5648
18.0527, 14.3074, -0.0439776, 18.0692, 0.0144227, 1477.54, 67.946
11.8, 25.9513, 0.462517, 11.7969, 0.017481, 1283.07, 264.786
14.5874, 7.00647, 0.256109, 14.5877, 0.00522394, 1490.12, 27.5781
17.0524, 35.4972, 0.41472, 17.0854, 0.183195, 1379.85, 266.688
14.8625, 13.1842, -0.27866, 15.1101, 0.0190793, 1482.41, 51.199
10.2117, 9.04747, 0.246067, 10.1814, 0.00316516, 1124.37, 180.792
19.8635, 25.7674, -0.156209, 19.9652, 0.0448667, 1461.09, 130.827
11.0245, 28.8677, 0.274097, 10.9597, 0.025966, 1151.03, 347.841
19.4432, 10.0715, 0.319456, 19.4139, 0.00895076, 1482.4, 51.4364
3.63558, 21.3301, 0.232553, 3.62773, 0.000840381, 53.7147, 21.2093
20.3909, 19.4324, 0.2367, 20.3348, 0.0319595, 1467.3, 101.273
7.99652, 18.8297, -0.203493, 8.06086, 0.00514553, 580.08, 234.475
23.4199, 7.12864, 0.0919597, 23.3738, 0.00522014, 1484.97, 43.3213
6.90964, 35.1864, -0.285059, 7.00167, 0.0464602, 394.889, 272.719
15.0144, 40.3178, -0.097827, 15.1292, 0.0780625, 1350.24, 280.431
4.09296, 13.2636, -0.105583, 4.09101, 0.00423147, 74.8469, 22.2306
10.4391, 14.3924, 0.429434, 10.4399, 0.00699931, 1160.57, 239.344
23.6917, 5.29773, 0.109783, 23.6413, 0.00297303, 1488.57, 32.5942
20.7186, 14.309, 0.424853, 20.7386, 0.0209854, 1474.57, 75.9328
10.2065, 27.5948, 0.307496, 10.1545, 0.0210553, 1020.23, 364.84
9.5721, 21.0713, 0.349077, 9.5432, 0.0122927, 920.929, 320.442
17.6524, 38.8438, -0.25099, 17.8698, 0.127415, 1365.28, 299.269
13.6356, 20.7274, 0.108057, 13.6531, 0.00950957, 1456.04, 109.542
20.6405, 9.26591, 0.318877, 20.6095, 0.0081078, 1482.75, 50.0935
15.8603, 31.4689, 0.224295, 15.9819, 0.140458, 1423.06, 179.137
19.8894, 20.2393, -0.0702386, 19.9218, 0.029409, 1467.13, 103.371
9.27606, 28.7058, 0.0931111, 9.25641, 0.0130748, 837.926, 425.644
14.4317, 8.54289, 0.402855, 14.4789, 0.00792937, 1488.17, 33.362
6.42985, 28.6422, -0.212903, 6.49958, 0.0250814, 307.86, 169.667
13.4269, 36.0413, -0.251724, 13.6473, 0.0492571, 1326.53, 286.903
9.92904, 24.0331, -0.158798, 9.9538, 0.0189323, 1002.34, 340.291
8.43838, 31.524, -0.105895, 8.46619, 0.0138596, 685.259, 417.106
19.1545, 23.6791, 0.13141, 19.0993, 0.0393761, 1464.3, 117.465
5.36909, 6.53331, 0.115922, 5.37153, 0.00043178, 167.581, 23.476
16.1259, 39.4966, 0.214046, 16.324, 0.263745, 1370.09, 260.905
17.9037, 25.048, -0.231614, 18.0726, 0.039277, 1458.51, 122.125
18.6587, 24.9321, -0.424824, 19.1125, 0.0492906, 1464.24, 119.342
5.49613, 17.5605, -0.271668, 5.59992, 0.00368597, 194.231, 70.6415
17.3558, 7.68915, -0.224256, 17.5162, 0.0043653, 1487.82, 35.5512
9.82671, 36.7931, -0.0566961, 9.76521, 0.0459016, 897.262, 432.379
5.76243, 39.0822, 0.289592, 5.7975, 0.0315032, 243.986, 191.566
4.24696, 22.6652, -0.176298, 4.24777, 0.0128781, 86.2479, 44.1041
16.9367, 14.1636, 0.0779105, 16.9037, 0.0134782, 1478.98, 63.7997
16.6606, 27.6556, -0.0505572, 16.6749, 0.0407419, 1433.2, 172.816
3.89298, 25.0406, -0.0769168, 3.9043, 0.00116147, 68.2757, 30.9406
5.38774, 23.3084, -0.0538757, 5.44058, 0.00681951, 183.865, 87.9318
15.5108, 34.9051, 0.182551, 15.6561, 0.177003, 1390.96, 225.16
13.9383, 39.2595, 0.272298, 13.9754, 0.065782, 1304.83, 315.955
13.061, 18.2309, -0.422501, 13.4196, 0.00715779, 1466.51, 86.5114
12.4833, 11.9421, 0.249249, 12.4432, 0.00693107, 1477.76, 55.0033
11.959, 38.3034, -0.43472, 12.1584, 0.0302879, 1191.92, 364.712
17.9268, 31.7453, -0.375855, 18.2933, 0.0832325, 1424.74, 197.526
22.3118, 5.63711, -0.205641, 22.495, 0.00311341, 1488.56, 32.9232
7.30688, 38.6366, -0.372515, 7.46406, 0.0226907, 493.174, 380.459
15.992, 29.2772, 0.14208, 16.0968, 0.114082, 1439.39, 154.724
22.0367, 7.30888, 0.315268, 22.0034, 0.00544211, 1485.39, 42.0698
14.8763, 31.2627, -0.267433, 15.2105, 0.13759, 1413.69, 187.959
15.2088, 31.5355, 0.417787, 15.3941, 0.15992, 1408.79, 195.003
12.7989, 8.47459, -0.43641, 13.1443, 0.00133976, 1491.2, 27.2935
17.5694, 33.7989, 0.168291, 17.5161, 0.074466, 1399.66, 243.48
11.4219, 38.4564, 0.00980094, 11.3198, 0.0609745, 1106.38, 410.59
9.56136, 11.3104, 0.344712, 9.54406, 0.00425866, 924.855, 185.822
20.3859, 15.7711, -0.26916, 20.6293, 0.0201723, 1472.99, 82.5563
10.6775, 35.3389, 0.279129, 10.5932, 0.0314906, 1040.68, 410.943
15.6986, 26.9657, -0.204244, 15.9546, 0.0938347, 1451.52, 131.678
19.1761, 33.8151, -0.0540746, 19.1913, 0.0699768, 1413.73, 222.689
13.0243, 23.2218, -0.200552, 13.1789, 0.0113709, 1422.71, 159.149
19.5444, 15.3644, 0.185445, 19.4897, 0.0189791, 1474.15, 78.179
5.8807, 10.0792, -0.310164, 5.99081, 0.00112863, 232.145, 49.4663
6.35015, 27.4835, -0.394227, 6.50666, 0.0218596, 304.12, 158.236
14.2529, 29.9547, 0.37855, 14.3167, 0.0270294, 1409.02, 194.689
14.8266, 16.0922, 0.467325, 14.9419, 0.0317241, 1477.32, 65.632
3.86643, 18.0003, 0.46809, 3.8772, 0.000603539, 64.0208, 21.9251
11.1802, 17.4823, -0.373998, 11.3789, 0.0114546, 1324.68, 203.554
16.1032, 31.3783, -0.438724, 16.6889, 0.17967, 1439.48, 156.531
14.5747, 6.23733, 0.326347, 14.5859, 0.00416942, 1491.14, 24.5968
11.1437, 35.8047, -0.235231, 11.1735, 0.043792, 1117.03, 393.916
16.4137, 38.8198, -0.391577, 17.027, 0.378891, 1397.95, 225.317
4.20687, 5.7602, 0.17933, 4.18948, 0.000812662, 79.2849, 10.1272
16.1923, 9.58523, 0.293723, 16.1614, 0.00658883, 1485.79, 41.6413
16.6046, 7.84494, -0.429629, 17.0145, 0.00449934, 1488.17, 34.7555
6.13768, 34.4939, -0.382205, 6.3256, 0.0271761, 303.364, 205.403
8.2515, 14.698, -0.387331, 8.425, 0.0037756, 647.54, 202.83
17.6261, 24.7978, -0.168013, 17.7293, 0.0367767, 1457.75, 121.934
17.5858, 9.73909, -0.350843, 17.9015, 0.00711945, 1484.72, 45.251
3.72562, 38.1038, 0.404891, 3.75335, 0.0064067, 63.2488, 40.8572
5.74084, 23.6028, 0.144345, 5.77376, 0.00776121, 219.705, 106.878
9.87005, 33.1451, 0.0480443, 9.80016, 0.0358586, 924.592, 409.398
12.5513, 15.8278, 0.249074, 12.5051, 0.0115861, 1455.31, 90.9395
16.0697, 13.1005, 0.133503, 16.0289, 0.0112107, 1481.26, 56.6162
20.6055, 14.3232, 0.0984491, 20.5593, 0.0170772, 1474.54, 76.4376
5.49842, 25.3972, 0.314868, 5.5406, 0.01, 195.026, 101.2
18.3621, 37.0698, 0.00770553, 18.3503, 0.0823441, 1383.84, 276.456
9.72263, 20.8375, -0.0789023, 9.72059, 0.0143727, 968.583, 318.974
10.2941, 31.224, -0.38637, 10.4529, 0.0256381, 1046.33, 380.092
11.997, 16.9257, -0.191261, 12.0642, 0.0127053, 1415.58, 133.71
5.4662, 28.366, -0.231823, 5.48039, 0.00158696, 191.078, 142.42
6.4127, 5.15914, -0.213915, 6.47472, 0.000695935, 290.929, 28.0983
15.5968, 36.9181, -0.405786, 16.1803, 0.301982, 1397.66, 220.849
14.2853, 20.9442, -0.30661, 14.546, 0.0102502, 1471.88, 81.907
15.8297, 28.191, -0.270972, 16.1612, 0.109651, 1448.22, 138.841
15.0791, 40.2613, -0.00108617, 15.3145, 0.258894, 1338.08, 296.216
18.5065, 21.0442, -0.453996, 19.0071, 0.0349926, 1468.81, 99.7907
9.98563, 34.5519, -0.145583, 9.96969, 0.0390524, 945.524, 416.717
4.77818, 23.8543, -0.14005, 4.77494, 0.0038037, 125.263, 68.9145
19.6351, 25.1199, 0.286944, 19.588, 0.053814, 1461.88, 126.973
16.9752, 32.7539, 0.314988, 16.9488, 0.0930188, 1400.84, 236.4
11.4683, 8.5757, 0.232753, 11.434, 0.00335816, 1433.02, 89.9804
10.9472, 35.6171, -0.121554, 10.9136, 0.0473506, 1086.11, 402.8
22.3695, 6.83349, 0.185702, 22.3119, 0.00465966, 1486.08, 40.0483
19.4016, 21.9964, -0.117902, 19.4691, 0.0330329, 1465.81, 109.717
6.49608, 18.0925, -0.174245, 6.55473, 0.00921827, 306.693, 106.757
12.5485, 31.5984, -0.33597, 12.6934, 0.0348571, 1315.18, 263.641
22.193, 8.39984, -0.0386519, 22.2124, 0.00666112, 1483.29, 48.6856
3.86392, 33.0756, 0.195965, 3.86549, 0.00289741, 68.7408, 39.1612
7.91555, 30.8434, 0.0643622, 7.90302, 0.0120426, 574.636, 369.949
12.4296, 19.3288, -0.0117582, 12.4058, 0.0174067, 1419.07, 137.564
9.08057, 38.3743, -0.0157557, 9.08708, 0.0250118, 768.52, 479.347
8.66979, 21.8593, 0.203759, 8.64773, 0.00700818, 720.534, 337.884
11.9389, 12.4743, 0.352451, 11.9184, 0.00681868, 1442.85, 94.5316
15.8694, 19.609, -0.272756, 16.1558, 0.0470763, 1472.51, 81.2067
7.92887, 25.2819, -0.0559221, 7.93962, 0.00820115, 570.744, 308.745
19.3243, 7.87471, 0.345296, 19.3055, 0.00553065, 1486.09, 40.1198
17.9918, 10.4998, 0.354909, 17.977, 0.00908857, 1483.01, 49.8071
7.54136, 28.3786, 0.0505258, 7.53089, 0.00947799, 494.412, 298.007
6.56893, 5.36105, 0.27384, 6.56102, 0.000795592, 302.129, 30.7872
15.8454, 11.8656, 0.226513, 15.863, 0.0165316, 1482.94, 48.9575
14.7259, 14.9579, 0.410717, 14.807, 0.0261008, 1479.37, 60.007
7.24776, 32.8586, 0.193475, 7.23179, 0.0127925, 446.238, 307.998
17.2646, 35.4597, 0.147584, 17.2166, 0.0790466, 1381.94, 267.565
14.5018, 16.7358, 0.200089, 14.5398, 0.030215, 1475.68, 70.5582
11.762, 26.9666, 0.363164, 11.7194, 0.0222126, 1264.2, 280.9
4.8616, 14.7177, -0.485987, 4.99257, 0.00132913, 134.848, 44.5684
12.5189, 18.6779, 0.0396064, 12.4815, 0.016456, 1430.25, 124.799
14.883, 36.4085, -0.0817776, 14.9885, 0.0473674, 1381.62, 239.544
18.7947, 28.6132, -0.0484563, 18.8059, 0.0495264, 1444.06, 156.104
14.2493, 39.0261, -0.34056, 14.5818, 0.103183, 1344.88, 279.022
9.36233, 22.7261, 0.0825293, 9.31925, 0.0158859, 872.025, 334.961
19.7142, 23.1099, 0.343503, 19.6881, 0.0493317, 1463.68, 116.345
13.5055, 24.4107, 0.00152474, 13.5551, 0.0133665, 1427.72, 156.819
8.04344, 8.45201, -0.429374, 8.2426, 0.00124497, 596.767, 107.064
6.13715, 20.6714, 0.477934, 6.16573, 0.0115901, 253.81, 100.035
18.1331, 36.5378, -0.0163499, 18.1329, 0.0781034, 1386.12, 271.111
3.29666, 29.6364, -0.245224, 3.3363, 0.00402199, 45.0007, 24.9947
14.8753, 32.2963, 0.0999676, 15.0028, 0.135105, 1395.81, 213.15
15.9934, 21.874, -0.249106, 16.2683, 0.0598243, 1468.07, 94.0995
12.4621, 5.53841, 0.108576, 12.4318, 0.0016437, 1492.71, 20.1561
20.9726, 10.6768, 0.376085, 20.9657, 0.0112813, 1480.19, 57.9524
5.15499, 19.3126, 0.0733089, 5.12283, 0.000385584, 150.041, 73.869
16.1155, 30.3342, 0.13833, 16.2278, 0.125553, 1434.51, 163.425
12.5668, 10.6459, 0.256264, 12.5642, 0.00216365, 1482.43, 47.2716
8.5141, 29.7612, 0.344526, 8.50902, 0.0146852, 688.743, 405.032
4.93338, 38.472, -0.449129, 5.0057, 0.0133767, 155.031, 132.504
15.6002, 39.002, -0.149425, 15.9153, 0.26271, 1370.55, 259.816
20.5937, 7.04534, -0.21658, 20.7751, 0.00441246, 1486.84, 38.2488
17.6617, 23.8591, 0.447919, 17.6926, 0.0561397, 1461.14, 114.267
9.0386, 37.1832, -0.0345654, 9.04884, 0.0223438, 768.48, 472.624
20.9789, 8.99958, 0.35696, 20.9633, 0.00793445, 1483, 49.2915
3.87271, 36.7953, 0.358167, 3.89067, 0.00504161, 70.6497, 44.4776
14.4865, 9.73273, -0.321153, 14.7572, 0.0100536, 1486.88, 37.261
17.1867, 18.4815, -0.278753, 17.4033, 0.0223555, 1473.57, 83.6607
15.8546, 21.4069, -0.397908, 16.3038, 0.0602419, 1469.68, 89.3321
3.63025, 24.1747, -0.20164, 3.66105, 0.00100501, 55.8927, 24.2454
10.6044, 16.6504, -0.325326, 10.7539, 0.0100603, 1221.66, 242.723
12.3144, 31.2767, -0.280173, 12.4083, 0.0363367, 1293.63, 278.873
17.9005, 22.1906, -0.0660669, 17.9267, 0.0305915, 1468.27, 104.93
6.85998, 12.7698, 0.119496, 6.84509, 0.00188727, 350.081, 96.5752
9.07074, 26.5231, 0.431241, 9.08628, 0.0133494, 806.598, 407.88
4.38697, 15.3622, 0.473102, 4.37824, 0.00523457, 91.0653, 31.4181
12.3887, 20.1616, -0.281231, 12.5187, 0.0174499, 1419.82, 137.822
11.4528, 6.34103, -0.0278127, 11.455, 0.00191156, 1463.89, 55.1717
11.1865, 39.1857, 0.039011, 11.0741, 0.0612225, 1071.42, 426.13
17.396, 19.8523, -0.0241903, 17.3991, 0.0246877, 1471.5, 91.3345
13.6592, 26.0369, -0.40729, 14.032, 0.0189714, 1435.1, 147.416
12.7195, 16.1768, 0.485498, 12.798, 0.00529327, 1455.13, 101.814
16.4747, 15.066, -0.363415, 16.7871, 0.0152252, 1478.66, 65.7326
15.4014, 35.6097, 0.300758, 15.5735, 0.2007, 1383.08, 236.181
21.4136, 13.1723, 0.0430195, 21.3851, 0.0150578, 1475.57, 72.9427
22.2879, 9.91078, 0.35327, 22.2692, 0.0102687, 1480.46, 56.9104
14.0729, 35.7676, -0.00581734, 14.1376, 0.0407705, 1352.99, 266.11
12.4249, 24.6632, -0.3629, 12.6186, 0.0230226, 1382.54, 186.281
6.10591, 36.6386, 0.0839377, 6.14505, 0.0230845, 287.12, 210.543
9.22907, 36.5204, -0.389207, 9.4325, 0.0295579, 829.479, 467.996
13.5404, 32.2162, -0.130185, 13.6641, 0.0281374, 1364.9, 244.303
12.1652, 25.5315, 0.372271, 12.1277, 0.0213099, 1324.49, 236.585
20.1403, 7.83649, -0.220864, 20.3224, 0.00529315, 1485.75, 41.5995
12.0917, 36.2615, -0.0773296, 12.0312, 0.0566741, 1200.8, 354.011
8.43803, 27.933, -0.0103665, 8.43756, 0.010705, 679.867, 384.714
4.53193, 17.8895, -0.492285, 4.64825, 0.00846373, 108.802, 43.11
8.10635, 25.7223, -0.194422, 8.16709, 0.00931422, 620.385, 338.91
4.53673, 8.28504, -0.432742, 4.63939, 0.00196619, 106.432, 19.3009
12.0784, 10.1323, -0.0569966, 12.087, 0.00502607, 1477.59, 50.4611
16.0229, 37.0289, -0.13059, 16.3036, 0.223135, 1393.47, 228.225
3.96739, 10.531, -0.417671, 4.04281, 0.001283, 70.4713, 13.7973
19.5743, 22.6989, 0.160062, 19.5154, 0.038234, 1464.43, 114.102
18.7925, 26.7174, 0.119529, 18.738, 0.0472237, 1453.16, 136.613
13.321, 10.7057, -0.423473, 13.6698, 0.00227566, 1488.97, 34.638
18.8479, 17.1772, 0.166466, 18.7949, 0.0222112, 1472.46, 84.2967
17.686, 25.315, 0.202327, 17.6321, 0.0432429, 1453.88, 129.698
14.3552, 24.0329, 0.0109684, 14.4025, 0.013811, 1454.15, 119.801
8.50656, 30.9339, 0.325889, 8.4987, 0.0157974, 687.237, 414.917
15.8819, 20.7249, 0.00938055, 15.9708, 0.0508759, 1469.4, 89.8443
14.317, 29.834, 0.24382, 14.3457, 0.0250343, 1411.5, 190.517
9.68288, 8.79658, 0.32426, 9.66417, 0.00275097, 959.512, 149.938
12.1961, 33.6863, -0.299251, 12.2936, 0.0394575, 1256.29, 311.433
5.60207, 37.4282, 0.320003, 5.64659, 0.0278192, 222.363, 166.373
15.6707, 40.4552, 0.0167524, 15.9047, 0.268949, 1354.47, 281.612
22.2369, 7.88218, 0.484748, 22.3063, 0.0069588, 1484.34, 45.01
10.9307, 32.0543, -0.457799, 11.1676, 0.0246672, 1150.88, 360.352
12.0614, 37.8098, 0.0335959, 11.9538, 0.0617926, 1175.13, 373.9
13.6695, 24.3518, -0.170336, 13.8102, 0.0133641, 1438.09, 141.679
7.69765, 12.7396, 0.334138, 7.69018, 0.00217507, 492.076, 136.946
19.3531, 25.2909, 0.309796, 19.3139, 0.0556556, 1461.26, 126.158
14.5748, 26.3502, -0.259635, 14.8034, 0.0181203, 1451.4, 126.718
15.8883, 10.6274, -0.445812, 16.3547, 0.0137183, 1484.86, 42.9673
18.4854, 27.9681, -0.266528, 18.7008, 0.0521697, 1448.64, 146.232
12.3915, 29.0629, 0.0490951, 12.3242, 0.0367737, 1307.7, 262.146
5.78752, 11.9203, -0.498515, 5.99618, 0.00169311, 230.397, 56.9578
12.5103, 24.1493, -0.330037, 12.675, 0.0231273, 1391.96, 176.53
17.6734, 5.75866, -0.379894, 18.0329, 0.00259297, 1490.61, 27.1958
14.5709, 36.5889, -0.20841, 14.7677, 0.0540696, 1374.03, 246.623
3.10933, 19.959, 0.403366, 3.10161, 0.0050684, 32.181, 8.97418
18.1526, 19.8349, 0.126891, 18.1041, 0.027072, 1470.16, 94.3111
8.49913, 26.9969, 0.465311, 8.52458, 0.0132277, 687.387, 378.372
11.7947, 39.4195, -0.371108, 11.9156, 0.0384416, 1156.17, 388.613
8.83243, 34.9741, -0.370425, 9.01106, 0.0240256, 770.683, 455.906
15.0518, 34.763, 0.216445, 15.1968, 0.172763, 1381.11, 236.96
6.19591, 22.2962, -0.134368, 6.24043, 0.0136763, 267.598, 113.814
13.8588, 27.6165, -0.321434, 14.1406, 0.0206548, 1425.83, 163.726
16.043, 38.6638, 0.246813, 16.2364, 0.252543, 1374.35, 254.071
18.3579, 23.0319, -0.232954, 18.5328, 0.0347906, 1466.59, 110.302
15.4958, 14.7912, -0.178993, 15.6675, 0.0248879, 1479.85, 59.2877
17.7552, 36.9667, 0.139091, 17.7093, 0.089747, 1375.43, 281.997
12.1383, 32.613, 0.284277, 12.0572, 0.0334238, 1241.65, 316.684
16.2224, 8.43114, 0.419709, 16.2368, 0.00542027, 1487.35, 36.6739
4.3361, 24.8322, -0.374864, 4.39244, 0.0153543, 95.2342, 52.809
12.0309, 34.7999, -0.23801, 12.0726, 0.0449441, 1221.7, 336.613
8.49779, 15.047, 0.268683, 8.4809, 0.00335854, 665.349, 219.794
4.31618, 30.2483, 0.100642, 4.27032, 0.0225326, 91.1428, 62.4151
9.12411, 36.9067, 0.282979, 9.11522, 0.0271516, 775.313, 472.366
13.1658, 8.69629, 0.0688725, 13.1666, 0.00147623, 1490.53, 29.2857
7.22489, 25.6989, -0.131166, 7.25631, 0.00770347, 436.069, 236.75
10.4064, 32.2624, 0.0100253, 10.3449, 0.0366613, 1025.06, 393.819
20.4701, 13.1948, 0.175112, 20.4142, 0.0149439, 1476.48, 70.2109
4.4322, 33.9805, 0.148302, 4.37974, 0.0284804, 100.37, 76.8619
14.599, 28.5731, -0.158047, 14.7453, 0.0215626, 1435.94, 154.144
4.72817, 35.0098, -0.350812, 4.76452, 0.0105904, 131.821, 103.922
11.5668, 28.8369, 0.458881, 11.5562, 0.0182588, 1224.31, 311.223
15.0214, 40.2982, -0.227241, 15.417, 0.312404, 1346.31, 288.653
12.2841, 31.2431, -0.410987, 12.5028, 0.0295425, 1302, 271.254
19.6937, 21.3884, 0.298724, 19.6522, 0.039385, 1465.8, 107.896
11.5113, 17.8572, 0.474078, 11.5258, 0.0107129, 1334.65, 199.141
19.0283, 21.1156, -0.391748, 19.4335, 0.0343779, 1467.82, 102.723
5.91825, 39.1627, -0.00995684, 5.95886, 0.0272001, 266.731, 209.507
3.50938, 7.22637, -0.354095, 3.57262, 0.000105751, 48.8285, 7.01828
13.895, 7.76602, 0.400474, 13.9211, 0.00130473, 1491.22, 26.398
9.45562, 15.9604, 0.0917281, 9.42228, 0.00838851, 903.276, 258.27
13.6166, 19.5611, 0.1625, 13.6269, 0.00843196, 1461.78, 98.9654
7.58503, 22.239, -0.45423, 7.79089, 0.00835477, 522.151, 242.262
14.3973, 7.10089, 0.361097, 14.4227, 0.00537795, 1490.05, 27.7595
13.0196, 26.2236, 0.0787102, 13.0503, 0.0154498, 1386.33, 208.221
18.1471, 19.5576, -0.413315, 18.5687, 0.028522, 1471.03, 91.6131
13.0514, 6.96793, 0.241593, 13.0387, 0.000956823, 1492.23, 23.5803
4.1488, 38.0516, 0.226392, 4.16003, 0.00690591, 87.3059, 57.5677
9.00833, 33.3024, 0.458033, 9.03985, 0.0255327, 775.766, 451.101
11.4053, 33.0344, -0.365331, 11.5554, 0.0319776, 1187.26, 348.285
16.3408, 21.7149, 0.220943, 16.2947, 0.030274, 1462.61, 104.442
8.74225, 8.80618, -0.0463837, 8.75378, 0.00128438, 725.988, 139.87
17.112, 10.3086, -0.0475165, 17.1311, 0.00745251, 1484.11, 46.9391
18.1556, 34.6733, -0.172896, 18.2711, 0.0767304, 1402.36, 242.637
12.6626, 36.7686, 0.169458, 12.5439, 0.0524231, 1240.09, 332.744
8.59563, 33.3887, -0.18244, 8.65627, 0.0165254, 718.799, 441.924
9.1214, 5.39531, -0.125413, 9.15625, 0.00102708, 823.201, 78.6674
12.7131, 17.1103, -0.195943, 12.85, 0.00560636, 1455.6, 101.67
8.7754, 38.633, 0.324127, 8.7785, 0.0307302, 716.881, 476.32
12.03, 23.835, 0.0608079, 11.9777, 0.0243551, 1331.13, 226.664
13.8635, 15.7645, 0.489816, 13.9491, 0.00552356, 1480.25, 58.9118
7.3402, 36.7656, -0.412502, 7.52119, 0.0221269, 500.711, 370.768
10.8285, 32.9295, 0.127193, 10.7441, 0.0377569, 1085.14, 389.095
7.08073, 39.3984, 0.0532572, 7.07999, 0.018899, 431.575, 352.189
8.68643, 27.2324, 0.402742, 8.69364, 0.012938, 725.787, 393.805
9.88956, 7.40011, 0.252832, 9.86244, 0.00207254, 1022.33, 134.921
5.89964, 19.3319, -0.107007, 5.95989, 0.00478397, 237.117, 95.414
22.4882, 5.91488, 0.342894, 22.4666, 0.00369073, 1487.81, 34.8002
9.43595, 15.2276, -0.0124538, 9.42298, 0.00773206, 903.941, 247.212
19.1073, 13.1085, -0.281642, 19.3523, 0.0134077, 1478.35, 65.2366
3.18446, 31.8616, 0.339359, 3.16931, 0.0104797, 35.6287, 15.4737
5.58594, 6.65418, 0.0960604, 5.5896, 0.000461354, 188.885, 27.0182
16.5882, 24.7892, -0.474598, 17.0743, 0.0449576, 1456.02, 122.374
5.4864, 19.2697, -0.25785, 5.58821, 0.0045663, 194.393, 77.2792
15.5029, 28.4244, -0.188559, 15.7519, 0.105165, 1441.51, 147.473
10.7575, 7.3505, 0.20792, 10.7253, 0.00230746, 1294.61, 141.785
20.8857, 12.5027, -0.251248, 21.1117, 0.0134215, 1477.42, 67.5462
4.38239, 27.6787, 0.250536, 4.33736, 0.0176529, 94.0179, 59.0201
14.2528, 6.15789, 0.492724, 14.319, 0.000854763, 1492.87, 21.2055
14.1506, 18.1685, -0.31012, 14.4066, 0.00734577, 1478.89, 64.9974
17.1369, 26.8252, 0.234129, 17.0875, 0.0485369, 1441.31, 155.411
6.43215, 19.2646, -0.340214, 6.56124, 0.0101983, 305.846, 111.899
3.15282, 35.748, 0.00709956, 3.15911, 0.00690892, 40.1744, 25.702
15.2994, 36.9267, 0.199178, 15.4641, 0.205492, 1370.5, 254.103
17.7489, 12.1614, 0.0492375, 17.7237, 0.0106388, 1480.86, 57.0748
3.85736, 22.7307, -0.458956, 3.96537, 0.000949328, 69.3025, 28.3986
14.2542, 39.0658, -0.194277, 14.4362, 0.0718045, 1335.14, 288.566
11.7458, 22.0889, 0.317919, 11.7022, 0.0177954, 1315.3, 229.752
13.5852, 36.195, -0.0759189, 13.6807, 0.0418335, 1324.39, 290.389
12.5633, 13.4692, -0.175372, 12.6298, 0.00891646, 1476.29, 59.4417
5.43593, 20.0703, -0.171587, 5.51103, 0.00487926, 187.731, 77.8067
11.1519, 34.9599, 0.0230545, 11.0709, 0.0473017, 1112.3, 392.641
14.7889, 33.9228, -0.346085, 15.2341, 0.192355, 1396.27, 214.57
16.905, 18.6145, -0.163018, 17.0022, 0.021518, 1473.76, 83.5845
16.1318, 36.6944, -0.266022, 16.5396, 0.24716, 1402.28, 215.924
9.81361, 24.5133, 0.369975, 9.78313, 0.0155311, 960.533, 347.549
14.1288, 16.0425, 0.042137, 14.1516, 0.00564878, 1481.85, 57.0867
15.6688, 21.0981, -0.473828, 16.224, 0.0601113, 1470.62, 86.5479
18.7875, 24.4785, -0.115534, 18.8498, 0.0381302, 1463.72, 119.748
4.53223, 18.7328, -0.265979, 4.5624, 0.00955686, 104.939, 44.2251
7.75919, 35.2279, -0.0848611, 7.78165, 0.0152644, 554.04, 392.154
4.28273, 19.3412, 0.261108, 4.24866, 0.00867738, 85.2427, 37.3512
7.03288, 37.0349, -0.141938, 7.0538, 0.0566792, 410.466, 303.656
10.3411, 13.3902, 0.263662, 10.307, 0.00659906, 1141.13, 233.684
4.92816, 38.4315, -0.318103, 4.95911, 0.0442545, 147.629, 125.909
9.71246, 31.0299, -0.340675, 9.82658, 0.0253829, 935.906, 391.909
14.7791, 32.1753, 0.408788, 14.8616, 0.0368469, 1409.11, 198.944
8.38728, 25.1881, -0.263135, 8.48486, 0.00989971, 686.015, 357.605
19.8995, 24.1385, 0.345783, 19.8736, 0.0551811, 1462.33, 122.177
4.89387, 38.9565, -0.370287, 4.94451, 0.0434329, 146.197, 125.953
15.0595, 20.7275, -0.384162, 15.4671, 0.0524327, 1470.5, 86.8833
19.4177, 28.1497, 0.261685, 19.3635, 0.0651808, 1449.15, 148.241
15.8716, 35.0837, 0.071619, 16.0308, 0.178644, 1399.65, 215.864
10.9279, 39.2075, -0.201345, 10.9121, 0.0543084, 1051.47, 430.168
4.59362, 31.932, 0.309266, 4.54874, 0.0082292, 113.41, 83.3569
14.8985, 22.9952, 0.308597, 14.9835, 0.0643049, 1457.5, 114.195
8.23217, 20.6748, -0.220522, 8.30629, 0.00642857, 638.491, 283.055
15.5221, 19.8865, 0.130901, 15.5772, 0.0460663, 1470.59, 86.0997
11.2068, 21.2189, -0.129281, 11.2272, 0.0178069, 1266.57, 256.675
13.5524, 24.6042, 0.405486, 13.6157, 0.0149249, 1425.51, 161.325
7.57979, 18.4172, 0.078577, 7.56625, 0.00422363, 480.914, 191.756
13.8001, 15.4689, 0.0868807, 13.8112, 0.00512628, 1481.1, 56.9951
22.34, 7.51085, -0.0593521, 22.3752, 0.00541108, 1484.88, 43.8037
4.80555, 25.677, 0.0312042, 4.77225, 0.00469525, 126.574, 75.1415
19.9881, 14.3063, 0.085245, 19.9467, 0.016423, 1475.26, 74.4909
13.7603, 36.5422, 0.165116, 13.7892, 0.0444711, 1325.25, 291.968
10.9554, 18.946, -0.242608, 11.0447, 0.0136081, 1260.46, 247.664
11.4969, 32.6855, 0.183515, 11.408, 0.0376464, 1173, 355.481
18.4213, 5.29276, -0.125787, 18.4991, 0.002243, 1490.92, 26.1024
9.60209, 10.2299, -0.111559, 9.62788, 0.00374939, 958.569, 175.91
4.78002, 17.5826, -0.271059, 4.82051, 0.001826, 124.574, 50.1513
10.8301, 39.4134, 0.0324585, 10.7202, 0.0599883, 1024.05, 437.78
22.9018, 9.28155, 0.24307, 22.8462, 0.00883521, 1481.16, 54.8717
13.0496, 24.805, 0.0433106, 13.0864, 0.0134586, 1402.39, 187.921
15.2831, 39.3638, -0.371598, 15.8441, 0.363102, 1370.55, 258.153
14.8924, 16.0711, -0.0192348, 14.9688, 0.0279174, 1477.88, 64.524
18.1339, 13.3189, 0.10605, 18.0922, 0.0130385, 1478.76, 63.6156
10.8692, 36.7599, -0.335868, 10.9669, 0.0373316, 1081.58, 408.805
5.59747, 40.3875, -0.342403, 5.63393, 0.00462874, 224.945, 244.994
6.36641, 11.4233, -0.402925, 6.52186, 0.0033948, 295.159, 62.9579
13.4016, 30.4397, 0.32445, 13.4464, 0.0256041, 1367.17, 238.628
10.2555, 34.1955, -0.246906, 10.2971, 0.0359858, 1001.07, 406.787
8.24489, 23.1384, 0.123135, 8.22545, 0.00721495, 628.302, 314.946
16.5632, 9.92995, -0.374637, 16.8925, 0.00698208, 1485.25, 43.7924
9.71721, 32.5701, -0.0868185, 9.68601, 0.0341148, 906.557, 405.699
4.3218, 26.3772, 0.225086, 4.27799, 0.0161261, 89.7139, 53.7216
10.3062, 24.37, -0.270739, 10.3968, 0.0193306, 1089.34, 330.762
7.85907, 8.8709, -0.436302, 8.05866, 0.00133748, 557.872, 104.814
14.1139, 27.4764, -0.381498, 14.4692, 0.0225239, 1437.99, 146.609
17.5325, 7.13635, 0.0561965, 17.5074, 0.0038286, 1488.48, 33.2931
18.9727, 23.8145, 0.11087, 18.9214, 0.0388096, 1464.57, 117.538
7.87767, 29.675, -0.102941, 7.90253, 0.0111781, 572.663, 357.579
5.34783, 20.2796, -0.250101, 5.37883, 0.000619239, 173.252, 88.8773
8.48516, 28.8126, 0.0313246, 8.47618, 0.011488, 687.898, 395.555
12.1992, 13.8955, 0.353696, 12.1766, 0.00846652, 1450.02, 91.1198
11.542, 11.7143, 0.29398, 11.5109, 0.00595212, 1406.32, 123.45
5.4845, 11.4973, -0.146361, 5.53709, 0.00139886, 185.123, 45.0346
8.93064, 15.2332, -0.0142836, 8.93292, 0.00369687, 782.527, 261.168
7.99465, 6.97561, -0.328506, 8.12547, 0.000804406, 574.662, 85.7039
8.69642, 12.8879, 0.108707, 8.67876, 0.00256127, 712.503, 201.745
7.92949, 40.2987, -0.342011, 8.08099, 0.0269739, 600.564, 444.01
17.3804, 13.5804, -0.254126, 17.5717, 0.0128444, 1479.45, 62.245
10.5579, 13.1335, 0.00609501, 10.5418, 0.00683864, 1207.06, 218.951
16.9015, 31.3677, -0.0924613, 16.9429, 0.0522977, 1412.04, 217.986
9.81189, 34.4228, -0.333171, 9.90836, 0.0306611, 932.419, 414.255
14.4721, 28.4274, 0.207346, 14.4959, 0.021937, 1427.34, 166.258
11.9884, 32.2665, 0.347562, 11.9255, 0.0277152, 1230.97, 320.662
4.27062, 10.3565, 0.357171, 4.2545, 0.00252699, 83.0711, 19.2225
12.5216, 21.3245, 0.442274, 12.5182, 0.0157862, 1403.52, 158.748
5.18254, 20.5529, -0.0187067, 5.15862, 0.000510011, 154.026, 81.063
16.2256, 39.8848, 0.000488456, 16.4623, 0.265571, 1372.13, 260.585
12.8286, 39.5575, -0.214392, 12.8198, 0.0636298, 1230.79, 349.07
18.7792, 38.2103, 0.142597, 18.7314, 0.106053, 1378.6, 285.645
9.86091, 25.7453, -0.4821, 10.1154, 0.0163905, 1015.88, 347.177
4.81657, 26.3308, -0.352368, 4.87194, 0.00477729, 133.499, 79.8878
4.56352, 26.2647, -0.219181, 4.57466, 0.00453828, 111.48, 67.2533
11.4901, 32.1631, 0.321983, 11.4224, 0.0282701, 1178.41, 350.055
11.5085, 38.8235, 0.370103, 11.4287, 0.0230714, 1111.21, 407.715
7.78288, 33.7853, 0.118158, 7.76748, 0.0145885, 550.584, 382.129
19.5688, 20.0862, -0.243563, 19.7687, 0.0295102, 1468.05, 100.794
3.9109, 23.5155, 0.149332, 3.90332, 0.00106305, 67.7168, 29.3089
9.39357, 25.2893, -0.247221, 9.45926, 0.018568, 892.423, 356.235
9.92961, 29.8257, 0.358795, 9.88461, 0.0203863, 955.4, 385.18
22.0311, 13.42, -0.100661, 22.0968, 0.0158944, 1474.64, 75.8731
16.6629, 11.619, 0.322335, 16.638, 0.0100252, 1482.58, 51.6143
17.7784, 25.8502, -0.239054, 17.9544, 0.0415144, 1454.65, 129.731
3.9297, 14.3908, -0.130158, 3.94649, 0.00040985, 67.5524, 19.0055
18.0825, 38.7225, -0.248522, 18.2995, 0.129149, 1372.93, 292.468
6.79538, 34.4406, -0.00348959, 6.7906, 0.0448225, 362.27, 247.28
5.74165, 36.7363, 0.112182, 5.77877, 0.0220326, 239.069, 175.651
5.44313, 38.8797, -0.452422, 5.53391, 0.00332436, 208.525, 216.058
4.21257, 38.7539, 0.179748, 4.22497, 0.00798311, 91.7058, 61.8116
11.5896, 24.7422, 0.24987, 11.5297, 0.0223602, 1266.97, 271.058
4.31179, 31.5817, 0.173074, 4.26223, 0.0234496, 91.2021, 65.0653
13.4113, 27.4407, -0.137327, 13.5327, 0.0175371, 1403.24, 192.271
6.80253, 20.7925, 0.415819, 6.80971, 0.00509768, 349.53, 155.304
8.0217, 19.2487, -0.166285, 8.07034, 0.0052723, 583.798, 241.778
4.78412, 23.9094, 0.323366, 4.75281, 0.00348325, 123.055, 68.1285
9.98281, 31.1671, 0.344884, 9.93063, 0.0220661, 956.842, 393.926
23.3653, 8.32946, -0.0177405, 23.3712, 0.00693905, 1482.64, 50.322
5.8068, 15.2713, 0.373454, 5.83855, 0.00324925, 217.653, 70.1969
7.31548, 9.89821, 0.0464589, 7.30746, 0.00126886, 423.659, 91.0291
10.1002, 20.2874, 0.281871, 10.0591, 0.0131023, 1042.92, 307.835
17.209, 13.5357, 0.114983, 17.1678, 0.012735, 1479.49, 61.7762
18.2909, 27.7136, -0.146982, 18.3771, 0.0463552, 1446.89, 148.442
11.0939, 12.0741, 0.292364, 11.0631, 0.00596428, 1329.83, 173.745
13.9812, 19.0364, 0.27877, 13.9979, 0.00830152, 1469.98, 83.6604
8.55191, 36.0379, 0.294999, 8.54482, 0.0229496, 690.516, 457.002
17.3784, 26.6838, 0.39803, 17.3815, 0.0661235, 1444.82, 147.554
8.62648, 33.1249, -0.268615, 8.73223, 0.017706, 731.781, 441.393
15.6893, 26.6438, -0.309279, 16.0515, 0.0959315, 1454.45, 125.875
14.4073, 26.1311, -0.321042, 14.7548, 0.0839924, 1438.79, 142.615
14.1537, 25.7487, -0.274449, 14.3894, 0.0166294, 1446.3, 132.735
16.7134, 6.08949, -0.181136, 16.8282, 0.00266782, 1490.57, 27.2118
14.7185, 17.816, 0.0998264, 14.7676, 0.0343445, 1473.98, 75.783
11.0241, 10.61, 0.410607, 11.0233, 0.00449684, 1331.37, 161.794
17.5903, 29.6076, 0.160181, 17.5355, 0.0551628, 1428.44, 185.69
6.40301, 20.1653, 0.323139, 6.40622, 0.0116678, 286.713, 111.773
6.80017, 18.1338, 0.463586, 6.81802, 0.0039538, 346.402, 134.63
20.8269, 13.8895, 0.491408, 20.8958, 0.021247, 1475.16, 73.8278
4.52809, 21.1922, -0.0997161, 4.51545, 0.0122206, 103.288, 49.5901
11.8633, 9.67333, -0.0756365, 11.8799, 0.00449277, 1469.76, 58.1046
17.6163, 38.7728, -0.237414, 17.8165, 0.121659, 1364.54, 299.623
10.9115, 15.822, -0.206573, 10.9831, 0.00989185, 1280.66, 219.175
7.13719, 5.95667, -0.0488738, 7.14722, 0.000471821, 394.206, 50.6413
8.73218, 36.7165, 0.0386728, 8.72608, 0.0209504, 721.376, 465.874
5.83967, 37.9458, 0.0744962, 5.8751, 0.0242513, 253.422, 192.716
4.606, 37.1807, 0.122827, 4.54465, 0.0160083, 117.865, 100.065
5.49159, 32.1076, -0.125323, 5.47013, 0.00237615, 195.534, 167.947
4.80875, 12.9736, -0.257388, 4.85094, 0.000957868, 125.053, 37.0116
8.20651, 31.5814, 0.246899, 8.18936, 0.0146394, 627.258, 397.188
15.1612, 26.3082, 0.124212, 15.2487, 0.0830366, 1443.22, 140.55
4.73356, 15.2274, 0.366043, 4.71783, 0.00114177, 115.475, 40.8114
15.3682, 23.0432, -0.0677939, 15.5023, 0.0618099, 1462.78, 106.435
6.62431, 22.0767, 0.0156229, 6.63533, 0.0147379, 322.517, 138.871
11.5376, 23.8825, -0.153949, 11.5655, 0.0227949, 1282.95, 258.105
20.3133, 20.0519, 0.203922, 20.2538, 0.0328777, 1466.56, 104.087
14.0783, 32.439, 0.416474, 14.1621, 0.0361399, 1384.32, 228.814
14.8749, 37.887, -0.244025, 15.2523, 0.25248, 1364.76, 262.247
22.2346, 8.38156, -0.0349672, 22.2516, 0.00664975, 1483.29, 48.6601
3.69391, 34.5585, -0.269314, 3.75405, 0.00266114, 62.9078, 36.5227
6.65348, 12.4528, 0.195831, 6.64732, 0.00446545, 316.826, 76.4241
7.73135, 16.8436, 0.269545, 7.71576, 0.00371009, 504.526, 184.84
14.8193, 37.9263, -0.369372, 15.1993, 0.0995423, 1379.83, 241.386
12.9024, 27.0903, 0.077368, 12.9344, 0.0165714, 1369.94, 225.356
21.1626, 10.1065, -0.19931, 21.3272, 0.00904551, 1481.15, 55.5704
3.28173, 39.0993, 0.216174, 3.26068, 0.0146951, 39.8567, 21.3402
19.5684, 10.6013, -0.150336, 19.671, 0.00905816, 1481.53, 54.5663
6.43453, 24.4126, 0.308992, 6.43511, 0.0178511, 294.561, 139.665
17.4609, 30.553, 0.126385, 17.4099, 0.0559175, 1420.51, 201.715
7.09128, 27.2213, -0.313686, 7.19947, 0.00965767, 425.522, 240.691
15.8474, 23.4355, 0.293293, 15.9327, 0.0713376, 1462.27, 109.51
14.6433, 13.9513, 0.20675, 14.6692, 0.021004, 1481.17, 55.3368
6.45545, 29.8859, 0.141217, 6.44595, 0.0290697, 303.524, 177.095
8.05084, 12.2919, -0.328128, 8.18205, 0.00247265, 592.097, 155.92
6.30933, 13.3006, 0.457268, 6.33239, 0.00478528, 270.918, 68.6238
3.63094, 37.932, -0.380997, 3.73216, 0.00557206, 61.9168, 38.7934
18.6125, 37.66, 0.390247, 18.6408, 0.243485, 1383.59, 274.022
5.35538, 12.3018, 0.240605, 5.36864, 0.00171762, 168.803, 44.0798
4.11603, 7.74806, -0.0134012, 4.10789, 0.00145772, 75.0729, 12.9255
15.3945, 36.6368, 0.359279, 15.6003, 0.233376, 1375.29, 247.704
5.60881, 25.1518, -0.325296, 5.74943, 0.00940913, 216.683, 109.893
9.37452, 36.5879, 0.227152, 9.35748, 0.0263067, 814.107, 473.477
13.2998, 31.8047, 0.42456, 13.3829, 0.0317332, 1349.24, 258.505
6.84324, 14.7992, 0.144074, 6.82693, 0.00247868, 349.139, 111.441
5.52224, 8.3256, -0.141312, 5.56742, 0.000705778, 186.991, 33.1463
21.3222, 13.5979, 0.286268, 21.2775, 0.0175253, 1474.97, 74.5946
17.4072, 6.08728, 0.284715, 17.3734, 0.0029132, 1490.12, 28.2417
6.01518, 33.6525, 0.377209, 6.07582, 0.024418, 269.21, 181.08
14.5106, 20.5153, -0.0208427, 14.6062, 0.045121, 1465.39, 95.7758
13.9917, 22.1836, 0.27549, 14.0137, 0.0117011, 1455.31, 114.467
4.94009, 33.4042, 0.139035, 4.88368, 0.0115391, 141.982, 108.6
3.83662, 26.5887, 0.218902, 3.83122, 0.00138569, 64.8191, 30.8994
5.41107, 13.8162, 0.30301, 5.43125, 0.0023117, 174.998, 51.1434
6.2609, 36.932, 0.362773, 6.31489, 0.0327059, 309.237, 228.498
3.24689, 20.2639, -0.317812, 3.30236, 0.00169107, 40.8582, 16.9025
14.8409, 8.99958, -0.459415, 15.2899, 0.00903792, 1487.72, 34.7271
17.1846, 7.75924, -0.291516, 17.4176, 0.00443551, 1487.86, 35.5356
3.97397, 23.4214, -0.32616, 4.0401, 0.000975325, 74.2984, 31.6435
19.3702, 27.0484, 0.0360723, 19.3373, 0.0473861, 1453.84, 138.712
18.5213, 5.24518, 0.281659, 18.4852, 0.00231765, 1490.88, 25.9206
23.3955, 5.3961, 0.323614, 23.3649, 0.00318996, 1488.51, 32.7468
9.19981, 33.4318, 0.290135, 9.18686, 0.020967, 802.586, 453.882
5.38886, 23.7983, -0.293237, 5.43049, 0.000948663, 180.768, 110.529
9.11641, 36.9251, -0.268955, 9.23189, 0.0240553, 797.807, 470.451
19.7091, 6.32298, 0.141549, 19.6613, 0.00346747, 1488.44, 33.2097
15.4873, 19.7176, -0.281728, 15.7778, 0.0464909, 1472.22, 81.546
20.4727, 10.869, -0.0115148, 20.4731, 0.00996582, 1480.3, 58.2901
3.25075, 12.5961, -0.00576866, 3.25533, 0.000579035, 38.042, 10.5515
21.4872, 10.7025, 0.229691, 21.4323, 0.0108042, 1479.66, 59.7167
18.2097, 6.42704, -0.0114461, 18.2118, 0.00323649, 1489.17, 31.2085
17.453, 27.4737, -0.00327473, 17.4417, 0.0426915, 1440.73, 158.561
15.5345, 21.615, -0.413216, 15.9979, 0.060699, 1469.34, 90.6264
9.69128, 26.81, 0.123592, 9.6336, 0.0222765, 924.363, 367.138
17.9891, 27.7687, -0.0266279, 17.9887, 0.0447784, 1443.19, 154.565
11.1038, 23.7207, 0.16251, 11.0447, 0.0209398, 1213.65, 296.337
16.5829, 38.0951, -0.347909, 17.1241, 0.327018, 1403.11, 218.036
9.48128, 7.25199, 0.00377357, 9.47382, 0.00191445, 912.641, 118.023
20.0298, 16.2347, -0.271299, 20.2717, 0.0208692, 1472.68, 83.5899
10.5241, 22.9231, 0.226907, 10.4709, 0.0176762, 1114.75, 317.632
14.3837, 20.0952, 0.404648, 14.44, 0.00979269, 1470.94, 83.4603
16.7743, 19.9714, 0.473693, 16.8192, 0.0358126, 1471.93, 89.7981
9.74065, 31.6393, 0.0280503, 9.68086, 0.0322021, 911.176, 399.632
7.43824, 31.2348, -0.413266, 7.61478, 0.0157564, 508.923, 326.154
7.05056, 6.87417, 0.386576, 7.05228, 0.00058452, 374.645, 55.8287
21.5116, 9.79276, -0.0896874, 21.5682, 0.00861289, 1481.32, 54.9299
5.68715, 27.45, 0.41572, 5.74791, 0.0142812, 219.022, 121.86
9.16054, 39.9727, -0.116615, 9.20187, 0.0279702, 776.167, 488.092
7.77098, 30.3831, 0.450491, 7.79257, 0.0153158, 544.142, 350.326
16.7099, 7.57926, -0.126494, 16.7801, 0.00405667, 1488.4, 33.799
6.68164, 14.4132, -0.43712, 6.86828, 0.00578095, 345.297, 94.2855
11.8622, 19.3851, -0.403848, 12.0995, 0.0143776, 1391.31, 162.336
10.8384, 26.3324, -0.0402619, 10.8096, 0.0258521, 1152.61, 332.661
17.5089, 24.6997, 0.296944, 17.4713, 0.0459804, 1456.1, 123.935
5.22794, 23.5713, 0.0650596, 5.19046, 0.000690568, 159.07, 97.6384
7.25803, 28.5551, -0.418376, 7.43227, 0.0126477, 467.439, 274.725
16.1242, 36.0401, 0.00290169, 16.3161, 0.195772, 1398.63, 219.528
12.6945, 11.0152, -0.462594, 13.0749, 0.0023187, 1488.09, 37.0059
5.53191, 20.0685, 0.313925, 5.56508, 0.0056259, 192.549, 80.3475
13.5939, 7.71608, 0.400707, 13.6196, 0.00125509, 1491.34, 26.0691
14.5086, 33.7922, -0.384585, 14.8914, 0.0535446, 1404.53, 203.321
8.98219, 29.7273, -0.337582, 9.13538, 0.016518, 811.747, 426.727
17.2269, 20.0493, 0.256287, 17.1828, 0.0284997, 1471.56, 91.8654
17.5439, 19.9256, -0.196301, 17.6751, 0.025376, 1471.29, 91.8256
11.255, 37.752, -0.0455772, 11.1758, 0.0577026, 1098.01, 410.852
12.9324, 22.7972, 0.440943, 13.005, 0.0118065, 1412.46, 171.997
8.17759, 37.2136, -0.421893, 8.38553, 0.0276031, 657.114, 443.544
11.0766, 33.448, -0.149128, 11.0677, 0.041238, 1127.08, 379.339
16.8479, 22.5358, -0.475799, 17.3419, 0.0369482, 1467.71, 101.029
16.5707, 27.7111, 0.138157, 16.5224, 0.0444161, 1430.47, 177.498
10.8135, 24.3686, 0.191342, 10.7543, 0.0208508, 1157.99, 318.531
17.9771, 32.8694, 0.429292, 18.0085, 0.150821, 1412.96, 219.023
5.75433, 19.6619, 0.166226, 5.78024, 0.00509378, 216.486, 88.9847
12.0053, 36.2317, -0.192558, 12.0069, 0.0513476, 1199.24, 354.673
6.02093, 30.9299, -0.28655, 6.15957, 0.0172703, 275.788, 169.429
3.03228, 11.1366, -0.213798, 3.06134, 0.000637207, 30.9512, 6.75684
9.45484, 22.2926, 0.387227, 9.4333, 0.0126543, 891.516, 329.994
18.8285, 6.00585, 0.074374, 18.7965, 0.00296154, 1489.45, 30.2819
4.13955, 21.0833, -0.0386664, 4.11809, 0.0106994, 78.3994, 37.3944
3.51547, 7.67792, 0.425271, 3.51897, 0.000126268, 46.6175, 7.2273
14.759, 19.3516, -0.133653, 14.9117, 0.0409507, 1471.39, 83.217
6.33998, 11.1865, -0.143153, 6.38327, 0.00331397, 280.295, 59.3604
10.9654, 33.994, -0.0171977, 10.9008, 0.043916, 1098.99, 391.715
13.2579, 10.3046, 0.389624, 13.285, 0.00217729, 1488.63, 35.323
18.6904, 34.9034, 0.13609, 18.6344, 0.0819455, 1402.18, 244.052
17.3361, 31.7893, -0.00350089, 17.3253, 0.054881, 1412.23, 219.345
3.08464, 11.1607, 0.0404287, 3.07793, 0.00155161, 31.3456, 5.04051
14.4023, 20.1973, -0.173882, 14.5444, 0.00924809, 1473.6, 77.7853
3.10155, 36.1798, 0.130664, 3.10493, 0.00814216, 38.1205, 24.6279
12.9366, 14.765, 0.307442, 12.9504, 0.00441778, 1470.99, 74.6224
8.54594, 35.2109, -0.0736605, 8.56576, 0.0176586, 699.896, 451.56
14.0818, 39.0745, 0.416634, 14.1747, 0.0840891, 1318.44, 305.362
13.9458, 11.6833, -0.166388, 14.0608, 0.00280697, 1487.56, 39.1189
9.82141, 26.7, -0.417118, 10.0122, 0.0185904, 992.348, 357.411
4.56828, 11.4637, 0.439777, 4.55982, 0.00326374, 102.015, 26.1959
10.5524, 37.1619, 0.282316, 10.4612, 0.0317641, 1005, 426.135
3.17536, 29.4304, 0.29144, 3.15775, 0.010006, 35.0587, 14.2498
8.38685, 7.58943, -0.234427, 8.47071, 0.000971011, 654.324, 107.285
5.35917, 24.3224, -0.100151, 5.34396, 0.000933233, 174.136, 110.242
12.1722, 36.8581, -0.0766918, 12.107, 0.059347, 1201.12, 356.213
9.27203, 7.1149, -0.280588, 9.38513, 0.00178029, 882.361, 111.37
8.2545, 6.19672, 0.203899, 8.23521, 0.000580856, 600.339, 81.4681
3.15321, 29.2309, -0.0733072, 3.16533, 0.00382471, 38.5544, 21.3011
8.67739, 29.8102, -0.160045, 8.72685, 0.0132538, 737.885, 418.091
5.39976, 26.2467, -0.34525, 5.4586, 0.00121625, 185.307, 125.864
19.2291, 30.5798, -0.167963, 19.3388, 0.0605491, 1436.37, 175.551
15.1608, 36.9988, -0.394306, 15.7162, 0.291193, 1386.34, 233.899
14.2101, 21.9883, 0.401993, 14.2688, 0.0119092, 1460.57, 105.33
17.9973, 38.6529, 0.0709458, 17.9689, 0.0933689, 1363.73, 299.862
7.08799, 29.3908, 0.444084, 7.10538, 0.0121252, 411.521, 255.032
14.8142, 23.6023, 0.281946, 14.8957, 0.0668749, 1452.89, 121.459
5.31906, 38.0366, -0.483104, 5.42537, 0.00289232, 194.454, 196.201
14.7105, 30.7498, 0.078347, 14.7474, 0.0266895, 1418.09, 183.078
13.6441, 17.73, 0.109329, 13.656, 0.00677898, 1471.43, 78.1847
5.28723, 25.341, -0.398672, 5.36906, 0.00105009, 174.75, 113.815
15.2389, 31.0685, -0.328773, 15.6467, 0.145569, 1424.74, 173.383
20.3381, 20.6114, 0.383383, 20.3316, 0.0423642, 1465.79, 106.336
9.78718, 7.63466, -0.280171, 9.90577, 0.00218922, 1037.06, 141.272
4.88847, 37.8809, -0.465511, 4.96924, 0.0122686, 150.792, 126.919
5.50761, 5.5734, -0.284918, 5.59235, 0.000302289, 187.721, 22.1946
3.24101, 30.3512, 0.0304171, 3.2443, 0.0046066, 41.8304, 23.7531
8.41093, 12.7339, -0.402864, 8.59916, 0.00294285, 684.314, 185.995
11.1275, 5.45038, 0.10244, 11.1012, 0.00136904, 1414.92, 85.6072
13.6457, 17.2518, 0.249141, 13.6548, 0.00650457, 1472.73, 75.1725
21.5869, 15.4585, 0.0129117, 21.571, 0.0202365, 1471.67, 85.5149
12.9522, 18.5304, 0.341584, 12.9815, 0.00721224, 1447.02, 118.219
5.75203, 27.7329, -0.170315, 5.84148, 0.0114993, 232.311, 129.941
9.04669, 26.1881, -0.298962, 9.17414, 0.0122861, 831.316, 403.121
17.937, 7.27459, -0.464918, 18.4398, 0.00425006, 1488.17, 34.565
9.33849, 8.30398, 0.398726, 9.3366, 0.00231319, 861.655, 126.005
12.7211, 21.5018, 0.220372, 12.6611, 0.0203783, 1414.3, 148.814
12.8792, 38.5097, 0.338621, 12.7813, 0.0308919, 1237.29, 339.463
14.9535, 37.9541, -0.0805901, 15.2009, 0.221547, 1358.18, 270.084
7.74123, 8.18627, 0.43451, 7.75387, 0.000927052, 496.79, 88.7542
16.4264, 19.7609, 0.158886, 16.38, 0.0245386, 1471.44, 88.5413
20.5999, 18.1649, 0.186883, 20.5404, 0.0274874, 1468.81, 95.8897
7.8946, 39.3972, 0.197992, 7.88508, 0.0246755, 568.886, 429.168
6.73336, 22.4496, 0.136717, 6.7169, 0.0052686, 341.502, 163.366
12.0893, 17.5914, 0.18926, 12.0382, 0.013616, 1404.1, 146.982
10.4943, 26.3851, -0.108894, 10.4916, 0.0246133, 1093.96, 344.643
5.408, 16.3069, 0.258134, 5.42978, 0.00327273, 176.665, 60.6308
7.74591, 6.39703, -0.0615421, 7.76011, 0.000599495, 504.611, 70.0024
10.9364, 6.22974, 0.000219069, 10.9302, 0.00173596, 1365.38, 111.162
8.62704, 30.0991, -0.151057, 8.67246, 0.0133289, 726.766, 418.016
17.5111, 5.56034, 0.217326, 17.4675, 0.00241551, 1490.9, 25.9717
11.6343, 6.49597, -0.0939947, 11.6626, 0.00204448, 1481.02, 37.7483
5.87048, 30.3246, 0.330256, 5.92178, 0.0170506, 244.662, 149.278
9.41886, 35.7611, -0.3802, 9.61748, 0.0285052, 861.52, 465.441
11.4622, 15.8866, -0.343349, 11.6411, 0.0101665, 1379.17, 159.944
17.0065, 17.4722, 0.446876, 17.0351, 0.026006, 1474.67, 78.6473
14.4961, 32.7422, -0.432548, 14.9408, 0.0521943, 1414.53, 187.399
16.681, 26.8642, 0.286658, 16.643, 0.0511302, 1437.24, 163.021
6.36539, 12.8964, 0.294857, 6.36413, 0.00455322, 277.166, 68.4814
4.44758, 19.8866, -0.201503, 4.45831, 0.0105281, 98.6725, 44.2288
19.1777, 9.22131, 0.290295, 19.1404, 0.00731968, 1483.98, 46.6462
4.52403, 27.8065, -0.478642, 4.62347, 0.004633, 114.084, 71.522
4.40596, 10.0233, -0.0522285, 4.39978, 0.00266299, 92.5739, 20.7646
4.15713, 17.0618, 0.133074, 4.12636, 0.00683766, 77.6916, 29.9665
20.4338, 16.4753, -0.00321198, 20.4265, 0.0213, 1471.57, 86.8346
10.4843, 21.3888, 0.283109, 10.4401, 0.015023, 1119.03, 305.31
10.7995, 23.2575, -0.129764, 10.8146, 0.0200749, 1180.29, 303.542
18.344, 26.5898, 0.141371, 18.2884, 0.0464169, 1451.29, 138.488
13.9769, 20.7014, -0.010603, 14.0259, 0.0095611, 1464.62, 95.1059
4.58706, 20.665, 0.4466, 4.5673, 0.00952006, 105.514, 49.2728
13.9116, 15.3074, -0.448803, 14.3195, 0.00524903, 1484.33, 50.5216
6.46764, 31.3497, -0.0949191, 6.49366, 0.0322733, 311.672, 189.911
4.61985, 20.2556, -0.36474, 4.68661, 0.00237481, 115.248, 53.3224
17.8365, 30.2439, -0.23115, 18.0056, 0.057194, 1430.05, 184.567
5.28525, 35.3901, 0.161155, 5.22636, 0.00250282, 174.919, 167.703
3.85412, 21.0203, -0.2331, 3.89266, 0.000788537, 66.1174, 25.7089
14.2998, 37.1162, -0.172667, 14.4642, 0.0536794, 1356.4, 265.36
16.1844, 6.08224, -0.344391, 16.4672, 0.00261842, 1490.88, 26.4271
21.4206, 12.8264, 0.325059, 21.3892, 0.0161133, 1476.15, 70.6866
10.8794, 30.4693, -0.424744, 11.0874, 0.0247434, 1154.37, 351.952
19.4865, 24.231, 0.419249, 19.5004, 0.0623441, 1463.09, 120.648
9.54056, 20.0945, -0.379444, 9.70908, 0.0117828, 960.874, 310.484
19.0999, 24.4839, -0.166606, 19.2092, 0.0393832, 1463.84, 120.783
14.7978, 21.9426, -0.333435, 15.1441, 0.0571378, 1465.87, 97.119
17.1882, 37.575, -0.340512, 17.5139, 0.139137, 1374.24, 284.303
6.37909, 15.0604, -0.0448259, 6.3998, 0.00621269, 284.544, 82.1454
14.724, 18.8869, 0.266386, 14.7789, 0.0404279, 1471.03, 83.4954
16.7386, 29.0236, -0.351779, 17.0442, 0.0560526, 1430.6, 180.64
14.032, 17.3402, 0.0865383, 14.0468, 0.00665252, 1477.4, 66.6325
9.03296, 34.183, 0.0224014, 9.02679, 0.0182054, 778.073, 456.979
15.6237, 30.9273, -0.380761, 16.1062, 0.155015, 1433.87, 161.375
14.7151, 29.7508, -0.107552, 14.9055, 0.109294, 1415.12, 182.679
17.9638, 32.8334, 0.0665576, 17.924, 0.063051, 1410.61, 224.26
17.0019, 16.0149, 0.332287, 16.9785, 0.0193586, 1476.44, 72.116
12.8624, 29.1062, 0.307933, 12.7952, 0.0298977, 1346.51, 233.32
9.01711, 20.695, 0.0594361, 9.0035, 0.00654558, 804.611, 345.782
12.7852, 8.67429, 0.248265, 12.7772, 0.00145439, 1490.18, 30.2717
3.80647, 21.9265, -0.437726, 3.90482, 0.000863775, 66.1523, 26.2982
12.2144, 36.7941, -0.225034, 12.2347, 0.0516712, 1214.87, 348.155
17.1136, 26.5679, 0.368172, 17.1025, 0.0600113, 1443.36, 150.367
7.70405, 5.18523, 0.381967, 7.70508, 0.000371202, 487.417, 55.037
8.1911, 14.7481, 0.14388, 8.17183, 0.0030612, 597.655, 192.951
10.2876, 35.2433, 0.332561, 10.2181, 0.025379, 981.032, 417.196
6.62751, 28.8144, 0.202197, 6.61802, 0.0273618, 327.218, 185.024
4.83636, 24.5623, 0.377358, 4.80958, 0.00370965, 127.478, 72.3351
8.81948, 14.3288, 0.340426, 8.8121, 0.00324859, 741.637, 233.881
13.9433, 11.1419, -0.261407, 14.1332, 0.0025405, 1488.17, 37.0156
17.8502, 26.4183, -0.19983, 17.9849, 0.0423772, 1451.69, 136.42
17.2638, 31.41, -0.204032, 17.4013, 0.05822, 1417.13, 209.475
12.2707, 19.4869, 0.273175, 12.2222, 0.0159121, 1400.34, 156.472
6.20283, 37.4114, -0.195168, 6.30019, 0.0281412, 309.64, 230.226
14.5797, 34.1799, 0.180195, 14.608, 0.0376362, 1386.47, 230.698
6.50582, 31.0972, -0.332544, 6.62756, 0.0307091, 327.377, 195.102
7.26269, 21.8711, -0.467376, 7.46913, 0.00774049, 459.119, 208.635
10.2135, 10.6122, -0.0497057, 10.2172, 0.00437978, 1136.8, 203.996
15.9738, 34.4699, -0.0707089, 16.1873, 0.17463, 1409.02, 203.329
15.2626, 38.5242, 0.343862, 15.4823, 0.265024, 1355.21, 274.007
15.5064, 37.8113, -0.392963, 16.0809, 0.323613, 1388.64, 232.913
3.91738, 37.9948, 0.174756, 3.9276, 0.00684446, 73.4193, 47.8315
19.9035, 8.45827, 0.227167, 19.8534, 0.00629572, 1484.67, 44.4623
13.2338, 29.8411, -0.293693, 13.4807, 0.0242412, 1380.13, 221.666
14.8743, 29.1718, -0.459237, 15.434, 0.13364, 1434.87, 153.918
14.0648, 37.2743, -0.321619, 14.3688, 0.0728904, 1353.46, 266.615
13.1214, 30.1255, -0.174967, 13.2691, 0.0224701, 1364.22, 238.382
15.7003, 37.1644, 0.0551051, 15.8833, 0.207695, 1380.61, 243.438
5.86028, 12.7236, -0.34681, 5.99187, 0.00189911, 233.194, 62.1357
3.64724, 5.42938, 0.098827, 3.6396, 6.57501e-005, 52.0497, 5.82974
17.3476, 37.113, 0.197083, 17.3045, 0.100482, 1367.82, 287.018
9.8774, 24.4774, -0.235522, 9.94184, 0.0188166, 996.171, 343.478
19.1528, 9.72051, 0.243798, 19.106, 0.00795554, 1483.19, 49.1301
15.9256, 23.2017, -0.400363, 16.39, 0.0732109, 1466.52, 99.3057
12.164, 14.6328, -0.302122, 12.3196, 0.00963475, 1456.45, 85.2881
18.5733, 12.2375, 0.0212942, 18.5577, 0.0112387, 1479.9, 59.8769
9.741, 23.2932, 0.405861, 9.72254, 0.0136458, 952.144, 338.534
7.74206, 5.07027, 0.407941, 7.74848, 0.00035668, 494.84, 54.6384
18.2873, 24.7603, 0.0192833, 18.2658, 0.0380751, 1460.06, 120.981
5.63632, 41.4824, -0.157806, 5.60461, 0.00643844, 226.114, 255.747
16.9375, 20.3571, -0.481284, 17.4426, 0.0302336, 1472.12, 90.242
15.0842, 24.6904, -0.244238, 15.3562, 0.0738462, 1456.04, 118.601
4.32122, 33.6209, -0.405809, 4.34899, 0.0203988, 94.6599, 60.1645
10.5091, 33.9943, 0.414801, 10.4692, 0.0189011, 1029.67, 403.106
16.2776, 34.0151, 0.207438, 16.4188, 0.175282, 1413.78, 197.292
17.8363, 29.7985, 0.399132, 17.8423, 0.0947007, 1430.65, 180.961
14.7938, 20.5561, 0.165485, 14.8492, 0.0472467, 1466.52, 94.887
12.723, 10.3711, -0.0546172, 12.7666, 0.0019977, 1486.96, 38.2716
15.0704, 20.4305, -0.0996484, 15.2085, 0.046804, 1469.44, 89.1836
4.9294, 15.1725, -0.0390087, 4.93321, 0.00562566, 133.701, 47.3608
7.03459, 38.3374, 0.104136, 6.99032, 0.0653424, 403.004, 312.95
8.27926, 7.83801, -0.197468, 8.34443, 0.00100417, 626.543, 106.163
20.9177, 8.13496, -0.145414, 21.0235, 0.00588437, 1484.61, 44.8287
5.88485, 11.4784, -0.437959, 6.06054, 0.00154636, 238.977, 57.3502
18.4594, 8.50915, 0.115729, 18.4172, 0.00571645, 1485.69, 41.6697
6.97642, 29.9969, 0.0092796, 6.97346, 0.00948261, 395.66, 249.198
9.82712, 35.4069, 0.275445, 9.74777, 0.0289015, 901.523, 423.561
23.643, 5.07516, 0.139861, 23.5869, 0.00273996, 1489.05, 31.1998
3.13571, 9.34177, -0.388331, 3.20491, 0.000331519, 35.4342, 7.41773
11.1868, 14.7729, -0.152825, 11.2311, 0.00911074, 1335.33, 185.563
8.55438, 20.2059, -0.0710856, 8.57107, 0.00600656, 702.837, 307.892
17.7979, 33.5524, -0.209775, 17.9474, 0.0719288, 1407.64, 231.478
7.0018, 7.66894, 0.112473, 6.98762, 0.000730541, 368.833, 61.2114
18.4609, 9.51043, -0.402672, 18.8719, 0.00726807, 1484.38, 46.1691
16.8697, 34.252, 0.274634, 16.8339, 0.0942238, 1385.76, 257.275
5.0409, 32.9362, 0.401033, 5.03689, 0.0275529, 157.482, 133.837
12.9652, 7.88477, -0.253519, 13.1286, 0.00115092, 1491.6, 25.8917
19.1091, 6.67311, -0.0756865, 19.1506, 0.00365126, 1488.25, 33.9989
15.4873, 39.2997, -0.247011, 15.8971, 0.298941, 1369.87, 260.324
5.62453, 30.033, -0.376963, 5.79607, 0.016117, 227.078, 134.695
7.83422, 26.1922, 0.280853, 7.81941, 0.00918531, 544.325, 306.013
7.50307, 33.1389, -0.0108399, 7.50502, 0.0127552, 500.625, 347.754
15.8071, 15.2504, -0.410714, 16.2421, 0.0287222, 1479.04, 61.2649
10.2612, 37.7583, -0.0335689, 10.1841, 0.0516184, 957.998, 434.198
9.22898, 33.4, 0.260129, 9.21179, 0.0204226, 806.767, 454.387
3.71478, 36.312, 0.275276, 3.72436, 0.00483412, 62.0547, 38.1735
10.5586, 30.4128, -0.194805, 10.5858, 0.0312676, 1078.77, 372.674
19.7024, 23.4398, 0.145344, 19.6437, 0.0403471, 1463.42, 118.402
20.6126, 19.3639, 0.0814841, 20.5675, 0.0292406, 1467.13, 101.943
7.02751, 8.12889, -0.3434, 7.15036, 0.000935603, 392.063, 67.444
18.1025, 34.4038, 0.232501, 18.0518, 0.0929472, 1401.16, 242.913
11.3189, 12.8032, 0.144614, 11.2791, 0.00707168, 1362.91, 158.506
3.04661, 16.5091, 0.151082, 3.0447, 0.00097358, 31.6069, 11.1017
16.1483, 17.7977, 0.475391, 16.1923, 0.026414, 1475.61, 77.5661
5.81862, 32.9298, -0.326426, 5.9723, 0.0205977, 253.843, 164.517
13.1559, 35.6905, -0.104173, 13.2644, 0.038811, 1303.5, 304.668
4.62891, 25.4504, -0.232463, 4.64529, 0.00424841, 116.018, 67.8111
6.0009, 31.8077, -0.0209139, 6.05965, 0.0160737, 266.514, 170.014
7.01533, 9.1019, -0.295058, 7.11291, 0.00114136, 387.61, 74.9702
5.95712, 18.0761, 0.434766, 6.00567, 0.00524937, 238.491, 90.3084
14.6772, 14.7479, -0.06237, 14.7671, 0.0230676, 1480.19, 58.1548
18.0815, 25.897, 0.101576, 18.0336, 0.0422254, 1453.29, 132.984
6.4478, 7.49828, -0.15655, 6.49273, 0.0014973, 294.144, 41.6726
16.4514, 18.2911, 0.415524, 16.4626, 0.0265575, 1474.59, 80.9578
9.79016, 33.9203, 0.176537, 9.70798, 0.0331841, 903.507, 414.479
14.7248, 39.5022, 0.00481595, 14.7852, 0.0644611, 1343.4, 285.472
6.04855, 33.6168, 0.05178, 6.09661, 0.0184167, 274.785, 184.927
19.1313, 18.3728, -0.223771, 19.3044, 0.0243956, 1470.87, 90.7774
6.90395, 30.4445, 0.0445481, 6.89595, 0.00964027, 383.577, 244.601
12.7914, 23.679, 0.272141, 12.7321, 0.0231268, 1397.56, 171.279
5.85658, 7.15765, 0.125119, 5.85934, 0.000563083, 217.627, 33.5648
3.66789, 10.5288, 0.197759, 3.65796, 0.000231193, 53.1839, 11.1869
14.4477, 25.917, 0.293186, 14.5434, 0.0813578, 1428.63, 155.903
5.82679, 37.0082, 0.401871, 5.88733, 0.0327662, 250.211, 184.682
4.58932, 11.7523, -0.476314, 4.71169, 0.000776459, 112.5, 29.8189
18.9888, 10.8061, 0.134161, 18.9415, 0.00932636, 1481.64, 54.1288
19.1635, 11.5501, 0.416209, 19.1776, 0.0122666, 1480.3, 57.8134
7.88381, 8.37776, -0.423132, 8.07452, 0.00118884, 561.406, 99.8376
3.29393, 38.9667, 0.0925927, 3.31794, 0.00718223, 43.5553, 38.7526
10.9552, 26.6371, -0.193824, 10.9958, 0.0255988, 1179.47, 325.065
6.69546, 30.1118, 0.187661, 6.68364, 0.030904, 338.693, 201.004
10.7455, 18.2412, 0.416476, 10.7372, 0.0107377, 1200.13, 262.99
19.7609, 16.4332, 0.103108, 19.7144, 0.0209955, 1472.36, 84.1646
16.1165, 7.7738, -0.281437, 16.3239, 0.00415819, 1488.52, 33.5639
20.3393, 14.884, 0.0525889, 20.3076, 0.0178441, 1473.99, 78.4244
8.04328, 5.30357, 0.268009, 8.02788, 0.000412089, 554.328, 64.2355
3.5563, 20.5161, -0.230889, 3.59091, 0.000725616, 51.8349, 19.4893
7.67137, 30.275, 0.397137, 7.67848, 0.0138469, 522.361, 335.422
3.16007, 33.9561, 0.280641, 3.16666, 0.00896791, 39.5422, 24.2791
14.7995, 35.4417, 0.125461, 14.9494, 0.173574, 1369.06, 252.883
4.61362, 21.6307, -0.180717, 4.61779, 0.0130518, 110.328, 53.9978
5.9295, 10.5276, 0.300733, 5.943, 0.00137857, 227.292, 51.2181
15.1136, 39.0495, 0.413887, 15.3766, 0.310218, 1345.83, 283.832
12.2243, 19.8276, -0.268152, 12.3426, 0.0167809, 1409.89, 147.461
12.8958, 15.6303, -0.0315633, 12.9411, 0.00476223, 1467.85, 80.499
12.6018, 15.3745, -0.352877, 12.8671, 0.00452195, 1467.87, 78.8569
12.5521, 24.8067, -0.170766, 12.591, 0.0269863, 1378.46, 191.71
18.311, 22.1972, -0.0637511, 18.336, 0.0313827, 1467.44, 106.307
16.8958, 8.95464, -0.253618, 17.0821, 0.00570319, 1486.31, 40.3082
16.6599, 17.0332, 0.260226, 16.6191, 0.0202006, 1475.69, 75.6934
8.87192, 6.59783, -0.201383, 8.9438, 0.000782734, 769.738, 110.246
15.8889, 39.6972, 0.166382, 16.0854, 0.257872, 1363.36, 269.8
7.82543, 33.4244, 0.0549299, 7.81586, 0.0140017, 559.691, 383.404
11.3567, 31.4151, -0.369169, 11.5166, 0.029541, 1199, 335.498
3.12892, 28.7375, 0.167998, 3.12833, 0.0043032, 36.9442, 20.1681
16.3308, 38.0393, 0.122719, 16.5121, 0.230527, 1387.41, 237.9
14.535, 15.2132, -0.444072, 14.9821, 0.0262828, 1480.46, 57.8912
19.1525, 11.603, -0.21856, 19.3219, 0.0105661, 1480.41, 58.2883
8.8483, 26.0936, 0.0480665, 8.83593, 0.00996737, 764.328, 394.014
4.06284, 14.2721, -0.481386, 4.15834, 0.00239955, 76.7569, 20.3645
18.7788, 36.7548, 0.0614404, 18.7425, 0.0849753, 1389.97, 266.98
6.52887, 24.61, 0.0774145, 6.5304, 0.0185188, 309.875, 148.592
7.17343, 17.8865, 0.218059, 7.15581, 0.00375851, 404.767, 156.481
15.1209, 10.6073, -0.119248, 15.228, 0.0122712, 1485.25, 42.1537
12.1109, 27.2691, -0.461431, 12.3971, 0.0227883, 1335.32, 233.468
16.3136, 38.6703, -0.339983, 16.8456, 0.337572, 1394.56, 229.364
18.9643, 16.9791, -0.0414106, 18.9787, 0.0206325, 1472.68, 83.7959
4.1613, 19.7207, -0.141643, 4.15818, 0.00950184, 80.0815, 35.638
9.88188, 35.004, -0.0508128, 9.82757, 0.0411483, 918.88, 420.699
4.52944, 7.10923, 0.134973, 4.50998, 0.00136553, 99.1479, 15.7164
13.2149, 37.3115, -0.0791215, 13.1437, 0.0671533, 1282.55, 307.676
6.5147, 25.9336, 0.429335, 6.53233, 0.0205657, 308.042, 155.511
17.7346, 20.4162, -0.236017, 17.9082, 0.0271277, 1470.45, 94.8316
4.53425, 12.0341, 0.0713545, 4.51153, 0.00390256, 100.212, 27.1668
7.11278, 16.6188, -0.0326669, 7.11793, 0.00329687, 398.312, 142.317
10.7832, 17.8382, -0.0404611, 10.7733, 0.0124283, 1220.45, 254.328
8.18227, 6.13747, 0.160122, 8.16334, 0.000566867, 585.599, 78.6434
6.78624, 34.2135, -0.0658499, 6.79681, 0.0435665, 362.861, 244.966
10.7198, 32.8494, 0.219551, 10.6372, 0.0330364, 1068.29, 391.823
6.82354, 9.75996, -0.322214, 6.93174, 0.00128141, 358.701, 74.0363
6.87896, 31.6436, 0.389849, 6.88163, 0.0353934, 369.643, 231.139
8.1537, 36.8842, -0.247829, 8.24721, 0.019746, 637.238, 437.822
14.2329, 37.3752, -0.365227, 14.5927, 0.0852564, 1362.46, 258.277
14.5944, 28.7781, 0.234966, 14.6209, 0.023062, 1428.1, 166.675
8.05238, 5.9036, -0.359177, 8.20334, 0.00059047, 589.55, 74.2714
11.8282, 26.7897, 0.12458, 11.7597, 0.0288529, 1273.41, 275.524
14.9045, 17.3618, -0.33573, 15.2333, 0.034491, 1476.57, 68.7199
6.36574, 10.6792, 0.213873, 6.35916, 0.0030895, 276.658, 56.3772
13.2541, 9.58755, 0.205175, 13.2445, 0.00184954, 1489.53, 32.5719
7.21168, 35.0126, 0.0256294, 7.20918, 0.0136331, 447.412, 326.751
15.0289, 13.189, 0.281341, 15.0605, 0.0195949, 1481.95, 52.6751
14.7103, 26.9439, -0.0744695, 14.8645, 0.0845175, 1433.26, 153.187
18.8811, 7.9792, 0.0940244, 18.8428, 0.00515584, 1486.22, 40.0002
10.0248, 28.3826, -0.212984, 10.0666, 0.02543, 999.951, 371.311
12.9756, 22.897, 0.109263, 12.9965, 0.0112518, 1413.79, 170.408
11.4094, 21.1421, -0.0609782, 11.4003, 0.0183084, 1291.04, 241.759
10.9685, 18.6339, 0.385256, 10.9497, 0.0117278, 1240.29, 254.168
15.3104, 33.0958, -0.344429, 15.7573, 0.182169, 1414.03, 191.66
12.9882, 8.04755, 0.167238, 12.9757, 0.00125897, 1491.14, 27.326
13.668, 34.8887, 0.311482, 13.7143, 0.0407801, 1338.31, 276.903
7.18221, 6.06903, -0.441267, 7.36789, 0.000560635, 424.96, 54.236
6.1573, 12.0619, 0.130859, 6.15329, 0.00379832, 251.545, 57.6763
3.74834, 23.5013, 0.181079, 3.74066, 0.00104056, 59.5513, 25.5507
5.50862, 14.594, -0.21242, 5.58653, 0.0023864, 191.444, 58.5333
6.82948, 17.889, 0.301703, 6.8185, 0.00360485, 349.12, 134.417
10.1128, 33.7765, 0.0427561, 10.0398, 0.038569, 963.408, 410.959
15.498, 32.4756, 0.251109, 15.6304, 0.151255, 1407.99, 199.071
7.15975, 6.2021, -0.370637, 7.30053, 0.000566455, 415.599, 54.5475
5.92259, 10.2741, 0.429237, 5.95348, 0.00140617, 226.802, 49.7562
9.49858, 38.673, 0.133938, 9.48196, 0.0301658, 821.611, 486.08
7.22966, 26.2064, -0.227008, 7.29763, 0.00849334, 443.098, 243.67
9.74902, 5.77747, 0.0871665, 9.72737, 0.00128008, 986.133, 101.439
17.1054, 19.0917, -0.378605, 17.4514, 0.0248449, 1473.07, 85.5682
14.9297, 21.2364, 0.0162029, 15.016, 0.0501104, 1465.81, 97.3143
4.40732, 19.5624, 0.209989, 4.37103, 0.00940935, 93.0064, 41.3109
5.26122, 30.97, -0.219123, 5.26703, 0.00196275, 172.608, 141.973
16.2032, 11.082, -0.0637874, 16.23, 0.00805235, 1483.87, 48.0972
3.24556, 14.3163, -0.227066, 3.28083, 0.000788126, 39.0391, 12.0791
14.3187, 13.6197, -0.145001, 14.4259, 0.00397945, 1485.5, 46.1349
11.8635, 23.6608, 0.310311, 11.8147, 0.0201981, 1311.3, 238.824
10.2623, 35.1338, 0.0531067, 10.1803, 0.0425306, 977.32, 417.144
4.26733, 15.0317, 0.0829026, 4.24099, 0.0055771, 83.9141, 28.4746
13.6116, 12.9756, -0.251523, 13.7928, 0.00338752, 1486.46, 43.3295
18.971, 20.6855, -0.0380144, 18.9812, 0.0290209, 1467.97, 101.731
4.59903, 26.6268, -0.0613649, 4.57677, 0.00488616, 112.425, 69.1845
14.9678, 9.39655, 0.402248, 15.0198, 0.0100375, 1486.76, 37.5496
3.27806, 17.8399, -0.376308, 3.34872, 0.00132498, 41.8803, 15.5369
16.8583, 7.46747, 0.172917, 16.8146, 0.00408599, 1488.4, 33.5519
13.6129, 17.1526, 0.0254195, 13.6424, 0.00621999, 1473.86, 72.8315
10.003, 18.8836, 0.161215, 9.95813, 0.0121133, 1030.03, 298.085
4.70188, 28.962, -0.17541, 4.69643, 0.0241298, 119.974, 78.5726
19.9223, 11.7594, 0.0187629, 19.9069, 0.0112459, 1479.34, 61.4193
9.24584, 37.9822, 0.114622, 9.23034, 0.0267541, 790.117, 479.693
5.19948, 29.5809, -0.318531, 5.24093, 0.0016146, 167.564, 130.233
6.11055, 33.8233, -0.174697, 6.20799, 0.0202885, 289.321, 194.498
8.56293, 12.9776, -0.424423, 8.77106, 0.00317791, 725.226, 200.691
15.1691, 20.7592, 0.242621, 15.2299, 0.0507672, 1467.68, 93.6284
13.8795, 20.1849, -0.417288, 14.2574, 0.00977751, 1472.11, 79.9857
7.82041, 26.0784, -0.0773324, 7.83696, 0.00858864, 550.83, 306.141
14.7882, 10.2817, 0.0403875, 14.8182, 0.011234, 1485.81, 40.5233
4.56997, 29.4415, -0.464524, 4.66221, 0.021731, 115.506, 75.3256
10.1778, 39.1954, 0.214454, 10.0679, 0.0397218, 929.512, 445.064
8.57854, 30.8305, -0.331219, 8.72128, 0.0165145, 732.475, 421.68
10.935, 24.1134, 0.17028, 10.8757, 0.0210415, 1182, 310.161
9.20006, 8.25725, -0.0556364, 9.20765, 0.00235681, 838.481, 123.361
6.71607, 20.8293, 0.41909, 6.73401, 0.0131575, 332.383, 135.354
15.0647, 38.0564, -0.338502, 15.4105, 0.0943257, 1384.34, 236.988
9.61227, 10.5586, -0.204475, 9.68081, 0.00395853, 972.793, 183.876
6.71078, 17.743, -0.376101, 6.86409, 0.00900465, 348.299, 118.055
18.541, 6.61036, 0.115578, 18.4996, 0.00352923, 1488.63, 32.7204
17.7323, 6.53271, -0.495869, 18.2843, 0.00342378, 1489.42, 30.8131
6.46086, 35.7537, -0.183383, 6.49997, 0.04568, 317.571, 221.318
14.7904, 25.1727, 0.06447, 14.8816, 0.0723578, 1444.3, 135.161
10.5339, 21.4519, -0.084998, 10.5333, 0.0168751, 1140.68, 300.922
13.463, 10.7016, 0.453557, 13.5171, 0.00239691, 1488.31, 36.5051
10.3264, 19.7378, 0.285685, 10.286, 0.0128554, 1096.83, 296.229
5.51931, 40.1788, -0.479124, 5.62387, 0.00363654, 220.341, 236.023
9.52683, 7.12382, -0.0574875, 9.53653, 0.00186349, 930.745, 118.378
3.17478, 24.1783, -0.231481, 3.21101, 0.00239889, 38.6442, 18.4585
10.5671, 39.0037, -0.263172, 10.5921, 0.0466483, 1007.17, 433.983
14.4162, 13.8817, 0.0660864, 14.4546, 0.0200516, 1481.28, 54.7373
5.70653, 12.6038, 0.141489, 5.71975, 0.0018452, 204.82, 54.987
5.80084, 8.37169, 0.156176, 5.80507, 0.000782756, 211.959, 38.1614
3.91845, 38.5866, 0.0585877, 3.9345, 0.00717647, 74.0691, 48.8962
11.7417, 31.5845, 0.403553, 11.7011, 0.0225532, 1213.55, 328.148
11.9184, 31.138, 0.090942, 11.8382, 0.03927, 1236.01, 314.959
17.8353, 21.1604, -0.0031814, 17.827, 0.0283454, 1469.31, 99.5897
11.4942, 6.76511, 0.0825599, 11.4685, 0.00217173, 1460.24, 60.1473
15.4301, 18.9068, 0.370667, 15.516, 0.0447425, 1472.29, 80.6185
17.1765, 28.466, -0.194031, 17.3015, 0.046545, 1435.1, 171.056
4.58162, 15.9388, -0.272257, 4.6226, 0.00137704, 109.212, 39.9781
11.2843, 35.8483, -0.313121, 11.3729, 0.0391392, 1139.91, 383.436
6.58533, 24.8311, 0.111659, 6.58346, 0.0191243, 317.842, 154.245
6.72987, 29.1498, 0.337057, 6.72875, 0.0283637, 342.593, 196.478
20.3241, 15.5289, -0.183591, 20.4628, 0.0191319, 1473.25, 81.3504
7.09805, 22.5935, -0.161419, 7.13909, 0.00605173, 409.655, 196.071
9.84922, 38.1617, -0.096179, 9.79288, 0.0498312, 893.977, 440.404
11.7385, 27.832, -0.413628, 11.9617, 0.0242725, 1285.88, 270.452
7.73342, 32.3362, 0.0811419, 7.72014, 0.0129072, 540.972, 366.719
7.70753, 36.1478, -0.0560886, 7.72289, 0.0160464, 543.571, 393.875
15.0855, 25.3812, -0.302967, 15.4217, 0.0811003, 1454.05, 122.625
4.73817, 22.1821, -0.477077, 4.85134, 0.00296879, 127.818, 63.9841
12.8495, 26.5782, 0.147176, 12.8718, 0.0159758, 1370.24, 223.506
3.93345, 31.7772, -0.289229, 3.99752, 0.0020169, 75.0595, 40.9894
16.4501, 27.9272, 0.252271, 16.406, 0.0517004, 1427.61, 183.189
4.54892, 35.6292, -0.118043, 4.52395, 0.0360195, 111.393, 89.0375
11.9619, 18.0915, 0.0533698, 11.9239, 0.0145957, 1388.57, 161.903
9.6606, 19.6963, -0.14923, 9.68884, 0.0126977, 964.69, 308.442
12.804, 27.2829, 0.373326, 12.7612, 0.0243829, 1362.46, 214.203
8.24024, 39.5491, -0.0431731, 8.25604, 0.0233421, 636.713, 460.456
13.0846, 31.8932, 0.374676, 13.0285, 0.0278969, 1333.28, 252.458
14.8758, 37.5031, -0.0783038, 14.9793, 0.0534828, 1372.06, 252.717
9.51698, 14.5841, -0.296838, 9.63426, 0.00695797, 957.974, 248.768
11.7606, 27.8976, -0.222683, 11.8199, 0.0298546, 1270.61, 281.081
8.13107, 6.32154, 0.0816235, 8.11785, 0.000602997, 577.024, 79.6807
7.66433, 28.8526, -0.300859, 7.77425, 0.0118467, 540.154, 325.1
9.39071, 5.90106, 0.200967, 9.36369, 0.00125889, 877.358, 91.6029
14.9052, 16.0867, -0.252052, 15.1404, 0.0287132, 1478.55, 63.2142
10.0481, 38.941, -0.244396, 10.0598, 0.0457821, 928.638, 442.115
14.7838, 13.0772, -0.0657773, 14.8687, 0.0182161, 1482.43, 51.3452
6.18736, 19.9833, 0.296745, 6.18815, 0.0109976, 258.48, 99.0493
6.23422, 14.5084, -0.243918, 6.31407, 0.00548927, 271.461, 74.3723
6.75687, 14.4279, -0.218207, 6.81717, 0.00255795, 346.524, 106.199
12.0537, 17.1974, 0.251593, 12.0072, 0.0126951, 1404.36, 145.405
10.9719, 10.2075, 0.11618, 10.939, 0.00445564, 1327.18, 159.86
11.0025, 19.5437, -0.423941, 11.2412, 0.0131004, 1281.82, 238.669
17.6213, 12.9913, 0.453279, 17.6549, 0.014618, 1479.73, 60.2702
15.217, 5.81444, -0.0174435, 15.2492, 0.00370288, 1491.54, 23.4735
3.20041, 33.0029, -0.0345424, 3.20868, 0.00547413, 41.3241, 24.9354
3.84731, 33.8315, 0.0773706, 3.8527, 0.00312257, 68.3912, 39.7643
4.61477, 14.3649, -0.374172, 4.6925, 0.00113887, 112.935, 36.9089
15.5351, 25.8525, -0.414108, 16.0245, 0.0944169, 1458.31, 117.99
9.64135, 6.86106, 0.0275606, 9.62887, 0.00176006, 957.664, 117.288
8.70525, 21.0128, 0.441666, 8.72194, 0.00736769, 728.818, 329.48
11.431, 31.9921, 0.0177054, 11.3638, 0.0404952, 1175.96, 351.512
8.85117, 24.1347, 0.35012, 8.84535, 0.00952842, 760.763, 372.965
19.003, 12.9702, -0.340141, 19.3278, 0.0133036, 1478.71, 64.1258
11.8798, 36.2047, 0.157091, 11.7706, 0.0484054, 1174.36, 368.285
16.9858, 10.6747, -0.418583, 17.3881, 0.00835391, 1483.95, 47.921
13.3818, 25.0524, -0.204907, 13.5464, 0.0140844, 1423.63, 162.841
8.48283, 37.6501, 0.369318, 8.49491, 0.0283399, 676.301, 463.09
16.434, 19.3042, 0.0946842, 16.3964, 0.0228418, 1473.17, 86.1806
14.8959, 21.6899, 0.113283, 14.961, 0.0528471, 1463.49, 102.452
15.2619, 13.8951, -0.392123, 15.6518, 0.0225379, 1481.31, 54.3946
3.19688, 7.41894, -0.172672, 3.22045, 0.000198669, 36.1681, 6.13779
20.3192, 18.2368, 0.115538, 20.2673, 0.0262415, 1469.16, 95.258
8.36055, 32.7757, 0.367515, 8.36325, 0.0186196, 658.315, 418.946
17.012, 16.6744, 0.118539, 16.9695, 0.0184322, 1475.68, 75.2936
4.42227, 39.6897, -0.27394, 4.43311, 0.0427501, 106.447, 93.559
16.5037, 18.6455, 0.210933, 16.4574, 0.0229121, 1474.2, 83.1953
3.63411, 7.75369, 0.428363, 3.63814, 0.000130751, 51.517, 8.0916
4.86614, 17.3901, 0.0212647, 4.846, 0.00175857, 127.427, 51.2828
8.55908, 25.9698, 0.277105, 8.54231, 0.0101743, 697.662, 373.026
15.0268, 38.7084, -0.303845, 15.4839, 0.298587, 1364.51, 263.714
12.3142, 16.3421, 0.0958301, 12.2708, 0.0125112, 1437.14, 110.874
3.82071, 7.63384, -0.172625, 3.84474, 0.000125104, 61.4188, 9.50917
5.18428, 12.0725, -0.139101, 5.19414, 0.00016109, 152.536, 44.4422
4.05989, 31.7822, 0.143937, 4.05982, 0.00246223, 79.3286, 44.2036
6.82273, 7.54092, -0.0909892, 6.84242, 0.000714769, 346.53, 56.0902
13.2448, 13.1361, 0.372716, 13.2724, 0.00356857, 1482.53, 50.3778
16.1575, 5.95331, 0.398043, 16.1627, 0.00266692, 1490.91, 25.9654
12.9783, 7.37682, -0.388578, 13.2706, 0.00101447, 1492.22, 23.8069
3.65452, 17.8357, -0.0272266, 3.65637, 0.000593188, 54.4151, 18.3861
5.30849, 27.5425, -0.190846, 5.31109, 0.00138308, 173.528, 125.483
13.2175, 27.2852, -0.389721, 13.561, 0.0205711, 1407.12, 186.043
4.34472, 16.5791, 0.0159567, 4.32168, 0.00701229, 89.2443, 33.4517
15.3314, 14.5093, 0.40682, 15.4104, 0.0255548, 1480.15, 58.4957
15.6908, 14.2308, 0.306448, 15.7333, 0.0242427, 1480.08, 58.2234
13.0043, 14.9949, 0.456849, 13.0679, 0.00461304, 1471.64, 73.9667
6.24731, 24.9817, 0.464063, 6.27213, 0.017944, 270.801, 129.893
16.2819, 38.0799, -0.103912, 16.5574, 0.242529, 1389.76, 235.572
8.10437, 21.6123, -0.21423, 8.17428, 0.006818, 610.825, 282.551
13.1332, 29.0258, 0.0493105, 13.1738, 0.0200649, 1366.93, 233.784
12.2479, 36.4947, -0.184634, 12.243, 0.0537916, 1219.38, 344.627
12.1293, 25.2047, -0.423782, 12.3794, 0.0216603, 1355.87, 210.825
8.08808, 9.76357, -0.397214, 8.26518, 0.00164268, 604.414, 125.731
22.5956, 6.40448, 0.337632, 22.5713, 0.00433918, 1486.85, 37.6911
14.1895, 9.60236, -0.00438129, 14.2138, 0.00195178, 1489.4, 32.6474
16.2037, 8.63875, 0.475021, 16.2479, 0.00585673, 1487.07, 37.4908
17.6214, 22.8391, 0.346799, 17.6005, 0.0422217, 1465.05, 107.587
9.13198, 35.3148, -0.14398, 9.17949, 0.0199152, 797.803, 462.869
14.5641, 26.8008, 0.479736, 14.673, 0.0214328, 1441.05, 145.101
4.2729, 32.9066, -0.0750423, 4.21286, 0.022478, 86.9394, 54.4815
11.7759, 25.4061, 0.370512, 11.7391, 0.0204248, 1283.7, 262.848
12.3539, 28.2062, -0.387673, 12.5606, 0.0270929, 1339.77, 233.582
10.4539, 11.0166, -0.254133, 10.5587, 0.00476626, 1223.08, 194.001
11.4674, 15.9704, -0.281373, 11.5952, 0.0105079, 1373.47, 164.654
10.8307, 35.6298, -0.0127273, 10.7571, 0.047998, 1064.31, 408.216
4.40703, 33.2521, -0.0797385, 4.37757, 0.0297018, 99.7442, 74.6588
9.29677, 18.461, -0.132011, 9.31854, 0.0107364, 876.435, 288.195
20.4944, 6.6082, 0.225632, 20.4437, 0.00401113, 1487.51, 35.9057
8.27243, 28.8034, -0.395457, 8.45348, 0.0149641, 676.111, 384.573
3.91837, 35.8591, 0.110243, 3.92537, 0.00438274, 73.0104, 44.8719
6.62017, 34.5452, 0.384194, 6.61315, 0.0429018, 331.79, 226.138
11.0739, 31.5279, -0.320565, 11.1872, 0.0310589, 1159.15, 356.958
3.13485, 26.6793, 0.0572532, 3.12136, 0.00936266, 33.7124, 12.5857
15.3704, 31.2625, 0.392648, 15.5413, 0.153175, 1414.04, 187.688
3.92995, 25.9335, 0.235736, 3.92439, 0.00131502, 69.4619, 32.615
7.0468, 21.7988, -0.385584, 7.19389, 0.0067145, 412.967, 187.811
10.2013, 33.9081, 0.0283225, 10.13, 0.0395438, 978.212, 410.155
4.3865, 11.8093, -0.0867239, 4.38345, 0.00367416, 91.8274, 24.33
6.03611, 21.9656, 0.24978, 6.06803, 0.00727792, 252.515, 115.115
14.8407, 33.2746, -0.302302, 15.2291, 0.172195, 1400.4, 208.318
11.0181, 12.8561, 0.211781, 10.9786, 0.00677798, 1307.43, 188.194
7.31448, 40.2646, -0.410762, 7.5002, 0.0278946, 497.762, 392.025
4.10421, 34.5678, 0.334133, 4.11559, 0.00351218, 83.1132, 49.9077
15.788, 33.2462, 0.0194324, 15.9469, 0.153798, 1411.78, 196.942
15.8511, 12.5179, 0.00307031, 15.9049, 0.0180039, 1482.18, 51.3402
4.14526, 7.15327, -0.166692, 4.16246, 0.00128012, 77.8405, 12.3075
19.3878, 15.1175, 0.338779, 19.3636, 0.0201316, 1474.75, 76.0909
15.367, 38.0762, -0.126147, 15.65, 0.235368, 1371.62, 255.954
5.30132, 19.8681, -0.237423, 5.32846, 0.000576898, 168.235, 84.438
8.87121, 14.0044, -0.490682, 9.14368, 0.00410901, 818.458, 243.328
10.7932, 39.6441, 0.387811, 10.7205, 0.019061, 1020.34, 438.363
10.6425, 25.426, -0.22001, 10.7005, 0.0223594, 1138.97, 327.668
7.88406, 13.1551, 0.127081, 7.86657, 0.00235669, 531.322, 152.603
7.52829, 23.3628, -0.110491, 7.5542, 0.00676079, 487.48, 243.04
10.524, 7.74136, 0.260244, 10.4956, 0.00245462, 1223.24, 158.908
12.3627, 30.5238, 0.0442939, 12.291, 0.0403696, 1288.74, 280.263
4.21511, 16.8242, 0.449736, 4.20117, 0.00593497, 80.9329, 30.6041
15.8054, 35.6855, 0.403986, 16.0273, 0.236869, 1392.63, 224.617
4.69778, 36.1168, 0.0488552, 4.64222, 0.0146156, 124.629, 102.748
7.28611, 13.8681, 0.208219, 7.2684, 0.00236439, 419.264, 126.247
16.4992, 27.1958, 0.434599, 16.5233, 0.0714498, 1434.94, 167.378
15.7537, 8.92749, -0.3325, 16.0562, 0.00928532, 1487.16, 36.2439
5.26302, 11.111, 0.159996, 5.23677, 0.000103027, 156.016, 41.8363
17.2456, 19.5846, -0.330431, 17.5274, 0.0255362, 1472.24, 88.6032
12.23, 34.4172, -0.0959143, 12.1889, 0.0507555, 1236.83, 326.944
19.7451, 16.7, 0.136145, 19.6924, 0.0218855, 1472, 85.4376
5.4661, 10.4306, -0.436415, 5.62733, 0.00116717, 190.853, 41.5299
4.70744, 27.852, -0.0958377, 4.68851, 0.00578534, 121.574, 77.8675
19.3616, 15.0961, 0.214778, 19.3086, 0.0184521, 1474.83, 76.1047
10.2783, 24.9977, 0.258425, 10.2247, 0.0193208, 1051.66, 343.243
